Unnamed: 0,내용
0,"남편의 등산화를 구경하러 갔다가 제 신발을 구매하고 온 이야기로 포스팅 앞머리를 시작해보겠습니다.요즘 고프코어* 룩의 대표적인 브랜드 살로몬 롯데백화점 잠실점에 들렀습니다.​살로몬은 1947년 프랑스 브랜드로 푸랑수와 살로몬이 알프스에서 스키 엣지를 만들며 시작된 브랜드라고 합니다.특히 국내에서  XT-6가 아주 유명한데요, XT-6는 살로몬의 러닝슈즈로 2013년에 처음 출시되었답니다.* 고프코어(Gorp Core)는 아웃도어와 일상복의 장점을 융화시킨 하나의 룩으로 MZ세대가 열광하는 스타일로 각광받고 있는데요,고프(Gorp)는 아웃도어 활동시 갖고 다니는 견과류 믹스에서 따온 말로, '그래놀아(Granola)', 귀리(Oat)', 건포도(Raisin)', 땅콩(Peanut)'의 앞글자 혹은 굿 올드 레이지 앤 피넛(Good Old Raisins And Peanuts)의 약자라고 합니다.​고프코어는 실용성과 패션이라는 두 마리 토끼를 모두 잡으면서 꾸준히 사랑받고 있는 것 같습니다. 고프코어를 대표하는 브랜드 중에 하나는 살로몬이 아닐까 싶습니다. 요즘에는 살로몬 메리제인이 아주 핫한데요, 저도 매장에서 몇 켤레 안 들어왔다는 살로몬 메리제인을 영접했네요. ^^​남편의 등산화를 보던 중이었는데 한 번 신어보려고 매니저님께 신발 사이즈가 있는지  부탁드렸고 이내 찾아 주셨습니다. 그런데 매니저님께서 신고 갔던 남편의 신발을 보시고는 남편의 걷는 모습을 분석하여 말씀해주셨습니다. 본인은 발 뒤꿈치부터 지면에 닿는다 생각하지만 실제는 엄지발가락 쪽이 먼저 닿으며 걷고 있답니다. 신체 무게중심이 앞으로 쏠려 있으므로 몸을 지탱하기 위해 허리가 아프실 수 있고 이를 전적으로 신발로 잡을 수는 없지만 도움을 주는 신발이 살로몬에 있다고 추천을 해 주셨습니다.살로몬의 무게 중심이 가운데 있는 제품이 있고, 트레일 러닝화를 건네주셨습니다.(사진의 왼쪽 신발)정말 신고보니 자연스럽게 허리가 서고 옆에서 보았을 때 어깨가 펴지며 귀와 팔의 라인이 일자가 됩디다.​어우~ 신기해라.​살로몬 뿐만 아니라 여러 브랜드의 신발 이야기, 신발과 신체에 대한 이야기로 이어지며 급기야 제 신발까지 보아주시고 추천을 해주셨습니다.마침 신고 있는 운동화가 닳아 새로 구입을 하긴 해야 하는 참이기도 해서 추천해 주신 살로몬 XT-6. (사진의 오른쪽)​저는 걷기 피로도가 상당히 높은 편이고 이래서 더 움직이고 운동하는 활동적인 것을 더욱 싫어하는 것일지도 모르겠습니다.특히 신발을 신으면 발을 디딜때마다 전기 오르는 것처럼 발바닥의 어느 특정 부위라 할 것 없이 쩌릿합니다. 새 신발을 더욱 그러한 것을 느끼는데새신발이라 그런가 보다 하며 신고 살았습니다. 신고 다니다보면 처음보다는 나아졌거든요. 그래서 저는 쿠셔닝 아주 쫀쫀한 폼이 들어간 것을 굉장히 선호하는 편입니다.그런데 매니저님이 추천해주신 살로몬 XT-6 착용을 해보니 아치와 발목을 감싸주는 느낌도 안정감있고,발바닥도 쩌릿하지 않으면서 쿠션감이 없는 듯 한데도 발이 편안하더군요.크리스마스라임의 살로몬 XT-6 착용 총평매장에서는 살로몬 XT-6의 5가지 모델을 볼 수 있었는데요,XT-6는 사실 러닝화인데 좀 출근할 때 신기는 좀 어렵지 않을가 싶은 생각이 들기도 했습니다.바닐라 아이스 색상을 보니 일상에서도 무리없이 신을 수 있을 것 같았습니다.제가 구두대신 운동화 신고 다닌지 오래입니다. ^^;;저는 이중에서 제가 좋아하는 화이트와 바닐라 아이스 색상을 고민하다 바닐라 아이스 색상을 골랐습니다.살로몬 운동화 XT-6를 신어보면 저는 정사이즈로 신었습니다. 실측 제 발사이즈는 225~230 사이인데요, 보통 230으로 신고 있습니다.제 기준으로는 발가락을 앞으로 밀어붙였을 때 뒤에 여유가 있지만 아치 서포트가 받혀주고, 발등 부분의 끈이 잡아주어서 앞뒤 공간만 여유가 있는 것 같으면서도 발바닥이 밀리거나 하지는 않았습니다.​또 스트링은 줄을 잡고 밀어주고 당겨주면 되니 세상 편하고요, 운동화 끈 풀어질 염려도 없으니 좋습니다.옆라인을 보면 너무 러닝화 같기도 하지만 바지가 살짝 덮으니, 뭐그리 엄청 액티비티한 신발 같지도 않습디다.그냥 평상시 편한 출근 복장에 착용해보면 이런 느낌이 나죠.스타킹 신고 재킷을 걸쳐입었을 때도 분위기상 나름 믹스매치한 느낌으로 나쁘지 않을 듯 싶습니다.​이번에는 남편도 XT-6로 함께 커플슈즈를 신었습니다. : )살로몬 운동화 XT-6 XT-윙스2 ADV 블랙 화이트 : 여기명품[여기명품] 이태리 부띠크를 중심으로 유럽 전역에서 직수입하여 정식 통관된 정품을 취급합니다naver.me천천후로 다양하게 신을수 있어서 활용도도 좋고 뭣보다 발을 잡아주면서 발바닥도 편해서 휘뚜루 막뚜루 이것만 신게 됩니다.*이 포스팅은 네이버의 쇼핑 커넥트 활동의 일환으로, 판매시 발생시 수수료를 제공받습니다.​Info50m© NAVER Corp.더보기/OpenStreetMap지도 데이터x© NAVER Corp./OpenStreetMap지도 컨트롤러 범례부동산거리읍,면,동시,군,구시,도국가살로몬 롯데백화점 잠실점서울특별시 송파구 올림픽로 240 롯데백화점 잠실점 6층# # #"
1,"​​요즘 패션 피플들의 '교복템'으로떠오르는 브랜드 Salomon​​​최근 몇 년 사이 사랑받는 살로몬 xt-6 운동화는2013년극한의 트레일 러닝을 위해처음 출시된 걸 아시나요?​알프스산맥에서 테스트된 신발이었고,거친 환경에서도 버틸 수 있게 만들어졌는데이 기능이 곧 스트릿 감성의 유니크한 디자인으로주목받기 시작했어요!​​​​저도 구매해서 무척 잘 신고 있지만편합니다.. 편해요​신발 끈 없는 퀵레이스 시스템이라끈 안 풀리는 거 제일 좋음!​​살로몬 xt-6 완벽 가이드​가격 : (국내 공홈 기준) 23~26만 원리셀가 : (희귀 컬러 기준) 30~50만 원병행 수입 or 해외 직구 : 약 20만 원 전후​​위에서 언급했듯이트레일 러닝을 위해 만들어진 운동화인 만큼거친 산악 환경에서도 안정적인 러닝을 할 수 있게충격 흡수, 미끄럼 방지, 초경량 설계이 세 가지가 핵심이에요!​​​이러한 기능 때문인지살짝.. 투박하게 생기기도 했는데바로 이런 디자인 때문에패션피플들의 눈에 띄게 되고테크 웨어, 고프코어룩이 인기를 끌면서함께 주목받기 시작했어요​그때 이후로 운동화, 가방, 옷 등모든 살로몬 제품들이위시리스트에 하나, 둘 쌓이기도 했죠..​👟 패션 활용도​​살로몬 XT-6 운동화의 매력은기묘한 컬러 조합이 많다는 거예요..!​이렇게 색이 많나 싶을 정도로대략 20여 가지 종류는 넘더라구요​​​​고프코어룩에 어울리는 색상과유니크한 컬러들,그리고 데일리룩에 잘 어울리는다채로운 색 조합이 있다 보니평소 잘 입는 스타일을 참고해레트로하면서 포인트 줄 만한 색상을 선택하면매일 데일리로 신기에도 딱-​​​✅ 장점 & 단점 정리​​EVA 미드솔이 적용돼충격 흡수력이 우수하다 보니발이 상당히 편한 편이에요​이게 또 되게 과학적으로 설계됐는데..ACS라고 해서울퉁불퉁한 지면에서도발목, 무릎에 무리 없이힘을 분산시켜주는 기술인 ACS가 적용돼서비틀림 방지 & 안전적 착지를 서포트해 줘요​​​​아웃솔도 특이하게 생겼죠?​살로몬만의 특허 기술로젖은 도로, 흙길, 자갈, 눈 위에서도안정적인 그립력을 유지하기 위해특별한 디자인으로 제작됐어요​마모에 강하다 보니오래 신어도 밑창이 쉽게 닳지 않는 편이다 보니그냥 디자인만 보고 사는 운동화가 아니라""등산도 가능할 정도로 기능적인 패션 스니커즈""라는 거..!​​​하지만 단점도 있는데요!​발볼이 좁은 편으로 나왔다 보니특히나 한국인의 발에는처음 신을 땐살짝 타이트하게느껴질 수 있어요​그리고 아웃솔 소재 특성상처음에 신다 보면'끼익-'하는 고무 마찰음이 나는 경우도빈번히 발생하다 보니이 부분은 꼭 기억해 두세요..!​하지만 시간이 지나고 조금씩 사용하다 보면소리는 안 나니 걱정 NO NO​​​​또 발목 부분을 완전히 지지해 줄 수 없는로우컷 구조이다 보니발목을 자주 접질리시는 분,또 격한 운동보다는라이프스타일 슈즈로 적합해요​​​일부 모델(특히 블랙 색상)은고어텍스 소재가 아니다 보니방수가 되지 않아요​비가 올 경우에는 발이 젖을 수 있어요!​일반 XT-6모델은 방수 X,XT-6 GTX(고어텍스) 모델은방수 성능이 우수해요​다만, 고어텍스 라인은 4만 원 정도 더 비쌈​​사이즈 팁​저는 발 사이즈가 232 정도로꽤나 애매하거든요?..​근데 살로몬 xt-6 운동화를235사이즈를 사니꽤 크게 느껴졌어요​평소 발볼이 좁거나특이점이 없으신 분들은 정사이즈,발볼이 보통 이상, 발등이 높다면반 사이즈 정도 업하시길 추천드려요!​​다들 열광하는 오니츠카 타이거 메리제인 vs 멕시코66 운동화 가격 & 사이즈 비교예전에는 매년 유행하는 '트렌드'처럼 발레코어가 무척 인기 있었는데요! 언제부턴가 봄철만 되...blog.naver.com옷잘입 강민경 PICK 아디다스 태권도 레이스 운동화 코디 & 사이즈팁평소에 사복패션 하면 항상 참고하는 게 바로 '강민경'입니다.. 너무 예쁘고.. 귀엽게 잘 입는 ...blog.naver.com​"
2,"​​몇 년 동안 살로몬 XT-6 인기가 엄청났습니다. 요즘 살짝 인기가 좀 떨어진 것 같기도 하고 정가 혹은 정가 이하로 쉽게 구입할 수 있어서 이제서야 살로몬 XT-6를 구입했습니다. 이 제품은 인기가 많았을 때도 SNS상에서는 정말 많이 보였던 아이템이지만 막상 실제 주변에서는 보기 어려운 아이템이었습니다. 그만큼 고프코어에 잘 어울리는 스니커즈라서 대중적으로 많이 신지는 않았던 제품이 아닌가 생각해 봅니다. 아무튼 저는 고프코어에 관심도 없고 정말 평범하게 옷을 입는 사람이지만 평상시에도 신으려고 샀습니다.​​​​가장 고민이 많았던 건 사이즈 선택이었습니다. 제가 살고 있는 지역에는 살로몬 매장이 하나밖에 없어서 거기까지 가서 신어보는 게 귀찮아서 그냥 인터넷 구입을 했습니다. 결론적으로 저는 사이즈 실패했습니다. 신발 구입할 때 크림, 솔드아웃을 주로 이용하고 있는데 단점이 사이즈 교환이 되지 않는 점입니다. 하 그래서 매물하는 방법밖에 없더라고요.​​​​​일단 저는 정사이즈는 일반적으로 275지만 대부분의 운동화는 여유 있게 280을 신고 있습니다. 후기들을 보니까 살로몬은 최소 1업에서 1.5업을 해야 신는다는 말이 많길래 저는 285로 구입을 했는데 망했습니다. 길이가 커도 너무 큽니다.​물론 볼은 좀 좁게 나오는 편인 건 맞는 것 같습니다. 하지만 이 부분은 정말 볼이 넓은 사람들에게만 불편함이 있지만 저처럼 볼이 넓은 않은 사람은 불편함을 느끼지 못하겠더라고요.​웬만하면 그냥 신을까도 했는데 너무 길이가 남아서 손이 자주 안 갈 것 같더라고요. 결론적으로 살로몬 XT-6 사이즈 선택은 개인마다 차이가 커서 직접 매장에 가셔서 한 번 신어보고 선택하는 게 답입니다.​저는 다시 구입을 한다면 저는 정사이즈 275 혹은 280을 직접 신어보고 선택할 것 같습니다.​​​​살로몬 XT-6는 원래 트레일 러닝 같은 야외 활동을 위해 만들어졌다고 합니다. 그래서 단단한 소재와 꽉 잡아주는 핏으로 설계가 되었다고 하더라고요. 이게 좋아 보이는 특성은 있지만 개인적으로 저는 뉴발란스가 더 편하게 느껴졌습니다. 요즘 워낙 편한 운동화가 많이 나오기 때문에 이 제품이 착화감이 엄청 좋다라고는 말하기 어려울 것 같습니다.​​​​​트레일 러닝 신발답게 굉장히 기능적인 설계를 갖추고 있습니다. 충격 흡수를 위한 EVA 미드솔, 미끄럼 방지를 위한 돌기형 아웃솔이 특징인 제품입니다. 그래서 울퉁불퉁한 길에서도 미끄러지지 않게 해주는 제품입니다. 그래서 이런 기능성 때문에 사람에 따라 디자인적으로 발볼이 좁게 느껴질 수도 있고 소재가 단단해 좀 빳빳한 느낌이 들 수도 있습니다. 짚고 넘어가야 할 점은, 애초에 의류 패션보다는 아웃도어용으로 개발된 라인이기에 더 불편할 수 있다는 사실입니다. 사이즈 선택만 잘 한다면 이런 점들은 실제 착용하면서 점점 자연스러워질 것 같긴 합니다.​​​​저는 사이즈 선택에 실패해서 실제로 착용을 해보지는 않아 자세히 말씀드리긴 어렵지만, 살로몬 XT-6는 확실히 독특한 매력을 지닌 신발인 건 확실히 말씀드릴 수 있습니다. 무난한 디자인이 아니기에 신발만으로도 코디의 포인트가 될 수 있는 아이템이며, 사이즈 선택에 굉장히 어려운 제품이라고 생각합니다. 사이즈 고민이라면 매장에서 신어보고 선택하시는 걸 추천드립니다. 블랙, 실버, 화이트 등 코디에 활용하기 좋은 컬러를 선택한다면 기본 아이템으로 충분히 활용하기 괜찮은 아이템이라고 생각되어 저 역시 다음에 다른 컬러로 좀 더 작은 사이즈로 구입할 예정입니다.​"
3,"​안녕하세요, 블로그 황홀한 고백의 은지입니다.오늘은 제가 최근 구매한 살로몬 XT-6 블랙을소개해 드리려 하는데요.사이즈 팁, 착화감, 코디까지 꽉꽉 채워준비했으니 재미있게 읽어주세요☺️​​여자 올블랙 운동화를 찾아 헤매던 중살로몬 추천이 많아서 구매하게 됐는데요.저의 평소 스타일이 스트릿과는 거리가 멀기 때문에깔끔하고 심플한 느낌으로 신을 수 있는살로몬 베스트 라인 XT-6을 선택하게 됐어요.​​저는 무신사를 자주 이용하기 때문에원래 무신사에서 구매할 예정이었는데요.아무리 기다려고 입고가 안되길래 전량 품절인 줄 알고구매를 포기하고 있었어요.따로 마음에 드는 건 없고 운동화는 사고 싶고고민하던 차에공홈에 재고가 풀려있다는 소식을 듣게 되었어요!!​​제가 구매할 당시엔 무신사에서 슈즈 페스티벌도 하고 있었고살로몬 단독 라이브 할인도 진행 중이었거든요.그래서 그런지 공홈에 주문 폭주로 인해 배송이1~2일 늦어지고 있다는 안내가 있더라고요.저는 곧 있을 여행에서 생존을 위해 구매한 것도 있기 때문에배송 걱정이 있었는데요.다행히 이틀 만에 받을 수 있었어요.​​살로몬 XT-6의 발매가는 260,000원이고요.현재 공홈에서 발매가 그대로 구매하실 수 있어요.만약 살로몬 공식 홈페이지 가입이 처음이시라면신규 회원 할인 쿠폰 10%를 받을 수 있는데요.첫 구매 할인 쿠폰을 챙기면 234,000원에 구매하실 수 있답니다👍🏻​​저는뉴발란스 530라인 235 (정말 헐렁헐렁하게 신음)나이키 에어 포스 우먼 230 (편하게 잘 맞음)컨버스 220~225 (딱 맞음)으로 신고 있는데요.그냥 평균 230사이즈라고 보시면 돼요.​​이 모델은 사이즈가 220부터 310까지 나오는데5단위로 나오고 있거든요?보통 트래킹화는 신발 무게가 좀 있어서사이즈 업보다 딱 맞게 신는 게 편한데리뷰에 반업하라는 얘기가 너무 많더라고요🫢그래서 235로 주문하게 됐어요.​​신발의 디자인은 딱 제가 원하던 스타일이었는데요.캐주얼에도 괜찮고 출근룩 같은 세미클래식 룩에도매치하기 좋은 디자인이었어요.또 전체 올블랙인 것보다 살로몬 로고와 함께 디자인된컬러들이 포인트가 되니까컬러 매치하기도 좋겠다는 생각이 들었어요.​​XT-6의 특징 중 하나는 쿠셔닝인데요.발 모양대로 디자인된 EVE 쿠션이 사용돼서신었을 때 발에 착 감기는 느낌이 있어요.폭신폭신하면서 발에 밀착되는 특유의 착용감이아주 매력적이랍니다☺️​​트래킹 러닝화답게 미드솔과 아웃솔이 충격 흡수에탁월하게 되어 있고요.밑창을 보는데 뭐가 묻어 있더라고요?교환할 시간도 없기 때문에 무시하고 신기로 했어요 ㅋㅋ(반품 제품 다시 보내준 거냐며..😭)​트래킹화를 너무 오래전에 사서이 운동화가 가벼운 편인지 정확히는 모르겠지만저는 상당히 무섭게 느껴졌는데요😅365g이라고 하니 참고하시면 좋을 것 같아요.(적응하면 좀 무뎌져요 ㅋㅋ)​​바로 한번 신어볼게요.제가 이때 보통 두께의 양말을 신고 있었는데요.발이 약간 헐떡거리더라고요 ㅠㅠ?신발 무게가 좀 있다 보니 걸을 때 덜그럭 거릴까 봐 걱정했었는데요.끈을 꽉 쪼아서 신으니까 괜찮았어요.​​살로몬 신발 끈을 정리하는 방법은두 가지가 있는데요.저는 아래에 있는 방법을 주로 사용하고 있어요.저는 끈을 꽉 조으는 편이다 보니 신고 벗을 때무조건 끈을 빼내야 해서 간편한 방법은 택한 건데요.끈이 나와있다고 해서걸리적거리거나 지저분해 보이지 않아서그 부분이 참 좋았어요!!👏👏​​사이즈에 대해서 조금 더 이야기 나눠보면제가 보통 두께에 양말을 신었을 때 살짝 덜그럭 거리는 느낌이있다고 했잖아요.제가 이 양말 그대로 신고 끈 쪼인 다음에 이만 보 정도를걸었는데요.사이즈에 대한 불편함이 전혀 없더라고요🫢확실히 반업하는 게 맞았어요 ㅋㅋㅋ​그리고 이만 보 정도 걸으면 보통 발이나 다리에통증이 오잖아요.이 운동화는 확실히 무리가 덜 가는지통증이 적고 있어도 회복이 빨리되는 통증들이었어요.​​그리고 나이키 양말과 같은 두께가 두꺼운 양말 있죠?(겨울 양말 두께)그거 신으면반업한 사이즈도 잘 안 들어가요😅저는 아무 생각 없이 두꺼운 양말 신고 신으려고 했는데입구에서 막히는 거예요.억지로 신으면 들어가긴 해요.​평소에 두꺼운 양말을 주로 신으시는 분들은반업해서 늘어날 때까지 기다리시던지,아예 1업 하셔도 괜찮을 듯했어요.​​이만 보에도 끄떡없던 살로몬 XT-6 착샷이에요.저는 평소에 워낙 올블랙 패션을 즐겨서옷의 대부분이 블랙인데요.살로몬 올블랙 트래킹 러닝화까지 와주니코디의 완성도가 더 높아진 것 같죠?그리고 앞코가 동글동글해서 보면 볼수록 너무 귀여워요🖤​​사계절 신을 수 있는 올블랙 운동화 고민 많으시죠?깔끔한 올블랙 운동화를 찾고 계시거나발이 편한 운동화를 찾고 계시는 분들은살로몬 XT-6으로 선택해 보세요.후회하지 않을 거예요!🙌🏻​"
4,"살로몬 salomon XT-6 , XT-4비교 및 가격안녕하세요, 우주 엄마예요😆20대 30대 초반에는 신발을 디자인,유행하는 브랜드 이런게 가장 중요했는데요30대 후반이 지나면서는 발이 편한신발만찾게되더라구요 !​​발 볼이 넓고 발등도 높은우주아빠는 그런 편한 신발을 찾기가무척이나 힘들어요 😭그래서 온라인쇼핑보다는 가서 신어보고구매하는편이에요!Salomon에 대하여​Salomon은 1947년에 프랑스 알프스에서 시작되었습니다. 아웃도어 스포츠, 혁신적인 기술, 그리고 전통적인 장인정신에 대한 열정을 바탕으로 아웃도어 활동을 자유롭게 즐기고 도전할 수 있는 혁신적인 장비를 만들기 위해 노력해왔습니다.이제 더 이상 기다릴 필요 없습니다.It's time to play.​​살로몬은 겨울스포츠용품 브랜드로세계적으로 유명한 프랑스브랜드라고 해요.​​신발, 가방, 모자 뿐 아니라의류까지 있고 최근 sns를 통해발편하기로 유명한 신발이 있다고해서​직접 롯데백화점 살로몬 매장에 다녀왔어요.​살로몬 salomon XT-6최고의 쿠셔닝, 내구성 컨트롤 능력은 그대로 유지하면서 컬러와 소재를 더욱 업그레이드한 XT-6뛰어난 쿠셔닝EVA 쿠셔닝이 발을 보호하고 부드러운 착지감을 선사​가볍고 내구성이 뛰어난 구조가볍고 심플하게 설계된 구조에 내구성이 뛰어난​TPU필름과 메쉬가 적용장거리에 적합한 안정감 다운힐 섀시와 기하학적 러그 구조가 더욱 뛰어난 안정감을 선사​이게 최근 온라인상에서 가장 유명한XT-6 모델이에요!색상은 검정, 화이트포함 총7가지색상​우주아빠가 사고싶은 블랙색상은이렇게 생겼어요!​​우주아빠는 발볼이 넓고 발등이 높은편이라보통은 반사이즈정도 업을해서 신는데요!역시나 270사이즈는 작더라구요반사이즈 업해서 275사이즈로 신어봤어요직원분이 슬림하게 나온디자인이라 볼이 불편할경우XT-4 로신어보면 어떻겠냐고 추천해주시더라구요​살로몬 salomon XT-4​트레일에서든 도심 탐험에서든, 최고의 퍼포먼스 기능이 집약된 XT-4 OG​​우수한 디테일살로몬의 아이콘 슈즈가 갖고 있던 모든 디테일을 담았습니다​안정감거리와 상관없이 뛰어난 안정성을 제공하는 풀랭스 Agile​Chassis™ 적용반응성이 뛰어난 쿠션감 미드솔의 이중 밀도 EVA 쿠셔닝으로 발을 보호하고 부드러운 착지를 보장​​확실히 발볼 넓은사람이 신기에는XT-4 가 훨씬 수월했고정사이즈로도 문제가 없었어요​​​가격은 XT-4 280,000원XT-6 260,000원 으로2만원 차이!​​깜빡하고 착샷을 못찍은거있죠😭그래서 신었을때 착화감을 비교해보면6은 발을 촥 감싸주는느낌이고4는 조금더 널널한데 쿠셔닝이 좋은것같다고하더라구요!​​그래서 우주아빠의 선택은요?바로 XT-6처음부터 이거말고는 염두에 두지 않았다고하더라구요 🤣​​이 디자인은 볼이 좁게나왔기때문에반사이즈 업해서 신는게 좋고,혹 길이가 많이 남을경우 신발 볼은 신으면늘어나기때문에 길이에 맞춰신는게 좋다고해요(직원분께서 말해준 TIP)​​아! 그리고 살로몬 상품은a/s를 받을때구매영수증이 필요하다고해요!​타 브랜드처럼 고객정보를 따로 등록하지않는것 같아요(이건 조금 불편할 수 있을듯)​​해서 영수증을 찍어 놓으라고 하셨는데아마 a/s를 위해서 보관하지는 않을것같아요😅​그럼 xt-6 구매후기는여기서 마치도록 하겠습니다​​"
5,"​​“여보, 이건 그저 ‘트레일 러닝화’야.”​그래, 우리에겐 늘 변명이 필요하다.운동을 시작하려는 자기계발이자, 아이들과 뛰놀기 위한 ‘부성애’이며, 마트에서도 달릴 수 있는 ‘실용성’이라 말할 수 있어야 한다.​하지만 진실은 이렇다.이번에 나온 BILLY’S × Salomon XT-6 - Black/Silver는, 솔직히 말해 ‘너무 멋있어서 안 살 수 없는 신발’이다.​그럼에도 불구하고 이걸 사야만 하는 이유를 찾고 있는 당신, 걱정 마시라. 내가 다 정리해놨다.​​✨XT-6란? - ‘산에서 태어나 거리로 내려온 신발’의 역사​먼저 배경지식을 깔아보자.Salomon(살로몬)은 1947년 프랑스 알프스에서 탄생한 브랜드로, 원래는 스키 바인딩으로 시작했다. 이후 트레일 러닝과 하이킹, 다양한 아웃도어 스포츠에서 두각을 나타냈고, 오늘날엔 패션계까지 장악했다.​그 중 XT-6는 2013년 첫 등장 이후, 기능성과 스타일을 모두 갖춘 모델로 부상했다.​특유의 스피드 레이싱 시스템, 쿠셔닝이 탁월한 EVA 미드솔, 그립력 강한 콘타그립 아웃솔 등은 여전히 트레일 러너들 사이에서 사랑받고 있다.​하지만 2020년대에 들어선 XT-6는 런웨이와 인스타그램 피드에서 더 자주 보이기 시작했다.젠지부터 밀레니얼 아빠들까지 모두의 발끝을 사로잡은 이유는 단 하나 기능성에 스타일이 입혀졌기 때문.​✨BILLY’S가 손댔다? 그럼 그건 그냥 ‘컬렉터템’이다​일본의 대표 셀렉트숍 BILLY’S는 디테일에 강한 브랜드다.그들이 살로몬의 XT-6를 건드렸다는 건, 이번 모델이 단순한 리미티드 에디션이 아니라 ‘미적 감각의 정수’란 의미다.​그래서 이번 Black/Silver는 뭐가 다르냐고?- 블랙의 메쉬 어퍼에- 실버 TPU 필름이 얹혀- 도시적이고 날카로운 느낌을 극대화했다.- 그리고 결정타 미드솔 한켠에 배치된 은근한 옐로우 터치.​이건 마치 “회사에서 무난하게 신고 나갔는데, 퇴근길에는 연무장길 팝업 스토어 앞에서 사진 찍혀도 되는” 그런 신발이다.​​​✨가격은? 핑계 대기 딱 좋은 수준- 출시일: 2025년 5월 9일- 정가: 한화 약 28만원대- 스타일 코드: L47739400​“운동화가 이 가격이나 해?”라는 아내의 말에 당황하지 말자.우린 이렇게 말할 수 있다:“여보, 이건 진짜 발 건강 생각해서 산 거야. 이건 병원비 아끼는 거야.”​✨결론: 이 신발은 당신을 위한 ‘작은 반란’이다​회사에선 무난함을,집에선 안정감을,그러나 마음속에선 여전히 스타일을 외치는 당신.​BILLY’S × Salomon XT-6 - Black/Silver는그런 남자들을 위한‘작고도 확실한 만족’이 될 것이다.​그러니 슬쩍, 이 글을 닫고 장바구니를 열자.누가 봐도, 당신은 가족을 위해 걷는 아빠니까.조금 멋지게 걷는 것쯤, 허락해도 되지 않을까?​출처: @billys_tokyo​#여보미안해"
6,"​대략 10번은 넘게 온 제주도 -급 2박 3일로 예약해서 큰 계획 없이 즐기고 왔다.J이지만 P같았던 2박3일 제주도 여행!오전 10시 30분 비행기였는데 왜 새벽같이 일어나서 온건데..제주도 도착하자마자 렌트카 픽업하러 셔틀버스 타고 갔다가 바로 밥을 먹으러 갔다.첫끼는 남경어곰탕! 맛있었다.​제주도 2박 3일 여행 중 첫째날 오전은 미스치프 스웻셔츠에 LE 더블 웨이스트 데님 팬츠, 살로몬 xt-6, 퍼블릭비컨 블링 선글라스로 코디해봤다. (이번 포스팅은 오랜만에 아무도 궁금해하지 않은 데일리룩 소개 컨셉)이번에 개시한 퍼블릭비컨 블링 선글라스! 메이크업을 하지 않는편이라(못하는) 블링 선글라스로 생얼을 가려주기 딱 좋았다.​마침 날씨도 바람은 꽤 불지만 햇살이 좋아서 딱 좋았다. 룰루미스치프 맨투맨은 엄마가 낡아보인다고 없어보인다고 했다..이게 이 옷에 포인트인데..개인적으로 LE 브랜드를 참 좋아하는데 몇달 전 구입한 LE 더블 웨이스트 데님 팬츠는 잘 못 구입함환불했어야 했는데 시기를 놓쳐서 억지로 입고 있다. 대체 왜 허리를 덧댐한거지? 진짜 특이한 옷이다.사이즈도 이상해 s 사이즈 구입했는데 커도 너무 크다.​여튼 밥먹고 제주 아라파파 카페 갔다가 빵 클리어하고 숙소 체크인!삼다숲 펜션이라는 제주 동쪽 숙소인데 가성비가 좋고 깔끔해서 만족스러웠다.체험단으로 방문했지만 가성비 숙소를 찾는분들한테 추천한다.​이날 4시간정도 잤나? 피곤해서 숙소 체크인 후 낮잠을 잔 후 저녁쯤에 슬슬 나갔다.해안가 드라이브하다가 잠깐 멈춰서 사진찍은게 이날 일정 끝ㅋㅋㅋㅋㅋㅋㅋㅋㅋㅋㅋㅋㅋㅋㅋ제주도는 일년에 한번씩은 거의 꼭 오니깐 이제 갈곳도 없다. 물론 가보지 않은곳이 훨씬 많지만 피곤해서함덕해수욕장 근처에 있는 제주닭집에서 치킨 포장 후 먹고 잤다.​​제주도 2박3일 여행 둘째날!이튿째날 코디는 코스 버블 헴 스웻셔츠와 자라 화이트 팬츠, 아디다스 가젤 인도어 조합으로 초봄 느낌나게 입어 보았다.햇빛이 이전날보다 훨씬 좋고 따뜻해서 반바지를 입었는데도 전혀 춥지가 않았다.가방은 노앤뮤트 멀티 포켓백! 가볍고 좋다.크로스로도 멜 수 있고 숄더백으로도 가능하다. 오랜만에 잘산템!​​이날도 어김없이 퍼블릭비컨 블링 선글라스로 생얼 가려주기어떤룩에도 잘 어울리면서 적당히 포인트도 되고 하루종일 착용하고 있어도 귀가 아프지 않아서 좋다.안경이나 선글라스나 무겁고 귀 아프면 얄짤업이 짤 -제주도 2박3일 여행 중 유일하게 방문한 관광지 절물자연휴양림 -입장료 1인당 천원이길래 방문했는데 주차비까지 5천원..한 9년전쯤 왔던것 같은데 그냥 소화시키고 시간 떼울겸 왔는데 후회함완연한 봄은 아니라서 꽃이 없어서 아쉬웠다.​이곳은 닭머르저녁먹으러 가기 전 닭머르라는곳에 잠깐 갔다.관광지라고 하기는 뭐한데 그냥 바닷가 근처 정좌에서 사진찍을 수 있는 포토존이 있어 댕이가 급 검색해서 데려갔다.근데 뷰가 정말 생각보다 좋았다. 바람이 많이 불어서 추워서 5분 정도 있다가 급하게 내려옴(?)​댕이가 제주도 오기 몇일 전 피지낭종 제거 수술을 해가지고 소독때문에 제주도에서도 병원에 와야되는데 2시 이후에 오라고 하길래 시간을 떼워야 했다.어디 밥먹으러가기도 애매한 위치라서 병원가기전 지나가다가 그냥 김밥에 떡볶이 오뎅으로 끼니를 해결하고 드디어 병원에 도착!제주푸른병원이라는 조천읍에 있는건데 생각보다 규모가 커서 놀랬다.​이제 구좌읍으로 이동!제주 구좌읍에 위치한 고등어민박에서 둘째날을 보냈다.여기 진짜 바다뷰도 통창으로 즐길 수 있고 가격대도 부담스럽지 않고 깔끔해서 추천 -​1층에 카페도 있는데 인테리어가 감성 돋는다. 오스모스시라는 이름이 제법 어려운 카페인데 분위기가 좋았다.카페에서 커피도 마시고 바닷가 바람도 쐬구 진정한 제주도를 느끼는구나(이제서야?)이제야 제주도 온 것 같다고ㅋㅋㅋㅋㅋㅋㅋㅋㅋㅋㅋ​​저녁은 성산으로 이동해서 통발이라는 이자카야에서 숙성회랑 이것저것 함께 나오는 세트 메뉴를 먹었다.뷰가 역시나 좋았던곳! 제주도는 역시 오션뷰!​해지면 추우니깐 바지만 갈아입었지​​제주 2박3일 여행 중 셋째날은 진짜 한게 없다. 먹고 먹고..아침으로 종달리수다뜰에서 제주도하면 생각나는 갈치구이, 갈치조림, 돔베고기 등 푸짐하게 한상 먹음​갑자기  댕이가 맡았던 프로젝트에서 수정사항이 생겨서 스타벅스 더제주송당파크R점에 가서 맥북을 켰는데와이파이 너무 느려서 2시간정도 하다가 시내 PC방으로 결국 이동..제주도로 여행와서 PC방 와본 사람 있음? (있겠지)더제주송당파크 스타벅스는 매장이 진짜~~~~~~진짜 넓었다.크고 넓고 통창뷰도 좋고 추천한다. 블루보틀 제주점 가고 싶었는데 여긴 콘센트가 없대서 스타벅스로 왔는데 괜찮네​제주도 시내로 넘어와서 동문시장쪽 근처에 위치한 PC방에 갔다가 고기국수 먹고 오메기떡도 픽업하고 급하게 마무리​엥 갑자기 게임..?​마지막날이 너무 아쉬웠다. 제주도 오면 헬리녹스 매장에 꼭 방문해야지 했는데 7시에 문을 닫아서 결국 못가고 렌트카 반납하고 공항으로 이동..안녕 헬녹..다음에는 꼭 방문해볼께이렇게 2박3일 마무리..뭔가 이렇다 한것은 없지만 그래도 오랜만에 둘이서 시간도 보내고 좋았다.바빳던 우리 댕이 고생했다 겨울동안..프로젝트에 들어갈때마다 진짜 빡세게 일해서 안쓰럽다.이제 후쿠오카 가고 홍콩도 가고 발리도 가니깐!(발리는 댕이만)여행 싹 다녀오고 이제 1년 7개월차 백수생활 청산하고 일해야짓!​​​​​​​"
7,"#내돈내산​살로몬 XT-6 GTX-컬러 블랙 실버-사이즈 265mm​2023년부터 열풍적으로 인기를 끌고 있는 살로몬의 대표 신발 ""XT-6 GTX""에 대해 후기를 남겨보고자 합니다.남편이 2023년  하반기부터 노래를 부르다가 결국에는 24년 초에 구매를 했습니다. 인기가 좀 살짝 꺽여가던 시기라 말렸는데 구입하더라구요 ㅎㅎ;;​구매한 신발은 살로몬 XT-6 GTX 블랙블랙실버 이며 공홈에서 280,000원에 판매되고 있습니다.블랙에보니가 제일 유명한 컬러긴 한데 유명한 만큼 길거리에서 동일하게 보일 확률이 높아 검정에 실버 포인트로 구매했습니다.​​남편은 물건을 정말 아끼기는 사람인데 유독 살로몬 XT-6 GTX를 신은 날에는 아들이 발을 밟아도 아무말 않하고, 얕은 강가도 일부러 밟고 지나가고, 눈오는날에도 저렇게 잘 신고다니더라구요.(집에 와서는 항상 물걸래로 닦아 놓네요;;)​타운용으로 쓰긴 하지만 트레일러닝화로 나온만큼 거친 아웃도어에서 사용하기 좋을꺼같아요.(극한의 아웃도어에서 사용하는 용도가 아니라 단순 패션용이라 실제 제품 재원 등은 패스하겠습니다 ^_^)살로몬 XT-6 GTX는 기본형이 XT-6에  고어텍스가 추가되어 방수, 오염 등에 강해진 모델입니다.​차이점을 하나더 보자면 블랙컬러가 GTX모델은 은색 스티치가 포인트로 되어있고 일반모델은 모두 블랙컬러로 구성되어 있습니다. 제 개인적인 취향으로는 올블랙이 더 예쁜데 캠핑을 하는 남편은 고어텍스 성애자라 XT-6 TX 모델을 선택했다고 하네요.​끈은 퀵레이스(Quicklace)라는 시스템으로 되어있어 조절창치로 쉽게 끈을 조절이 가능합니다.저는 이게 굉장히 편했는데 벗고 신고도 편하고 맨 앞에 꽂아놓는것도 귀엽더라구요!​✔️사이즈팁!!!남편의 발은 길이는 250mm로 굉장히 작은데 발볼은 돼지라 엄청 큽니다.일반 신발은 255mm정도 신고 있고, 꽉끈이 필요한 신발은 260mm를 신고 있습니다.​하지만!! 살로몬 운동화 XT-6 GTX는 265mm를 신었습니다.그 이유는 외국인 체형에 맞게 나와서 쉐입이 굉장히 날렵하며(신으면 굉장히 이쁩니다) 발볼이 굉장히 좁다고 합니다. 사기전에 리뷰를 엄청 많이 봤는데 발볼 있는 사람은 반업에서 1업추천을 하더라구요.영등포 타임스퀘어 살로몬 매장에서 한번 시착을 했는데 260mm를 신고 절래절래 하더니 265mm를 구입했습니다.​그럼에도 불구하고!!! 사고나서 한달정도는 일정시간 오래 신으면 발볼이 아프다고 하면서 끈을 좀 풀 정도였고, 현재는 익숙해진건지 잘 신고 다니고 있습니다.​이 신발은 인터넷으로 구매하기보다는 반드시 매장에서 시착을 해볼것을 권장드려요!​집 근처에 살로몬이 없다. 나는 일반인이다. → 반업 꽉끈 추천드립니다.집 근처에 살로몬이 없다. 나는 발볼러다. → 1업 추천드립니다.​​​고프코어룩을 좋아하시는 분들이라면 한개씩은 가지고 있을 살로몬 XT-6 GTX에 대해 실사용기였습니다.​남편) 인기가 사글어들어 너무 만족스럽습니다. 이제 클론들도 많이 보이지 않고 오히려 유니크해져서 신고다니면 기분이 좋습니다. 비나 눈 등 궂은 날씨에도 이 친구는 양말을 완벽하게 보호해주어 쾌적함을 선물해주는 보물같은 녀석입니다. 고어텍스이기 때문에 막신어도 관리가 편리하며, 어떤 옷을 입어도 어울리는 마법과 같은 운동화 입니다.[백화점매장판/AS가능] 살로몬 XT-6 GTX 고어텍스 런닝화 운동화 워킹화 ppJ 블랙 실버 L47450600 - 러닝화 | 쿠팡쿠팡에서 [백화점매장판/AS가능] 살로몬 XT-6 GTX 고어텍스 런닝화 운동화 워킹화 ppJ 블랙 실버 L47450600 구매하고 더 많은 혜택을 받으세요! 지금 할인중인 다른 러닝화 제품도 바로 쿠팡에서 확인할 수 있습니다.lk.revu.net​"
8,"https://m.blog.naver.com/dyddus22/222997213977살로몬 XT-6내가 알고 있는 살로몬은 스키 장비/의류 및 아웃도어 의류 밖에 없었는데 어느날 갑자기 Advanced 라는 ...m.blog.naver.com처음 XT-6를 2023년에 구매했다.너무 열심히 신어서 그런지 마찰이 많은 부분에 구멍이 크게 생겼다.​정말 많이 신었지.​약 1년이라는 시간 동안 300일 정도를 신은 것 같다.그만큼 편했고 여기저기 막 신기에 좋았다.​그래서 이번에 새로운 색상을 하나 추가 구매했다.24년 가을 신상 색상인 아몬드 밀크 베이지.무신사와 29CM에는 해당 색상이 없어서 할인가 구매를 못하나 하고 있었는데 SSF 숍에서 생일이라고 3만 원 쿠폰을 준게 생각이 나서 그거를 사용하고 임직원 할인 조금 받아서 샀다.​사진보다는 조금 더 어두운색이라 좀 당황스러웠다.​​아웃솔과 상단은 은은한 하늘색이다.사진으로 보면 그렇게 티가 나지 않던데 생각보다 눈에 거슬린다.끈은 일부러 검은색으로 했는데 이것도 은근 부조화스러워서 후회하는 중.​​전체적인 사양은 기존 모델들과 차이가 없는데 최신 모델들은 외양에서 작은 변화가 있다.​테이핑 되어 있던 조임의 끝에 ""SALOMAON"" 글자가 음각되어 있는 고무가 하나 추가되었는데 이게 끝에 무게를 더해줘서 이쁘게 떨어지게 만들어 줄 거라는 기대를 했지만 은근 귀찮은 부분이 됐다.​기존 모델은 대충 좌우가 맞지 않게 끈을 조여도 눈에 크게 띄지 않았는데 이게 있으니 좌우 균형이 잘 안 맞는 게 도드라진다. 그리고ㅠ 고무 패킹이 고정되어 있지 않아서 줄을 잘 못 당기면 옆으로 움직인다.적응하면 괜찮겠지만, 굳이 변경해야 했나 싶은 부분이다.그리고 슈텅의 ""SALOMON"" 레터링이 모두 대문자로 변경되었다.그 외 외형적인 차이는 거의 없는 것 같다.​​XT-6를 오래 신다 보면 아래 사진의 부분이 끈과의 마찰로 마모가 심하게 되는 걸 발견했다.​사진으로 남기진 않았지만, 인솔이 조금 얇아진 것 같다.이전에 신었던 XT-6의 인솔은 말캉말캉하고 쿠션감이 한결같았는데 이 모델은 일반 운동화 같은 인솔을 사용해서 느낌이 썩 좋진 않다.아... 인솔은 기존에 신던 거 이용할 걸 그랬네.​신발 색상이 지금 보유하고 있는 바지들과 어울리지 않아서 아직 개시도 못했다. ㅠ.ㅠ​이제 살로몬 XT-6의 인기가 많이 사그라 들어서 할인을 많이 한다.정가에 살 생각은 안 하는 게 좋다.​무신사와 29CM에서 자주 세일을 하므로 일단 장바구니에 담아 놓으면 가격이 떨어질 때마다 알람이 온다. 그러면 보다 저렴한 가격에 구매할 수 있다.​XT-6의 인기가 떨어지는 이유는 색상 조합이 거지 같아서 인 것 같다.진짜 초창기엔 이쁜 색상 너무 많았는데 지금 나오는 색들은 도대체 왜 그러는지 모르겠다.​https://brand.naver.com/iamshop-online/products/11102845287[SALOMON] XT-6 (ALMOND MILK/ PORTABELLA/ ICE FLOW) : IAMSHOP[IAMSHOP] IAMSHOP 온라인 스토어brand.naver.com​오늘(11/13) 하루 정도 할인이 많이 들어간 것 같다.​​​"
9,"50m© NAVER Corp.더보기/OpenStreetMap지도 데이터x© NAVER Corp./OpenStreetMap지도 컨트롤러 범례부동산거리읍,면,동시,군,구시,도국가KEEN AK플라자수원점경기도 수원시 팔달구 덕영대로 924 AK플라자수원점 4F백년천년만년 신던 애착 신발이 있다.무지퍼셀 화이트#무지퍼셀저렴한 가격에 깔끔하고 막 신기에는이만한 신발이 없다고 생각해서 신은 게벌써 한 다섯 켤레가 되었나🤔그러다 이제는 좀 정말로 몸에 맞고 좋은신발을 신어야겠다고 판단했다.그래서 비교에 들어간 거슨 바로#살로몬XT6와킨 재스퍼 락스였다.뭔 신발에 락스냐 했는데 Rocks였음.​처음엔 비교 군 없이 그냥 재스퍼 락만 생각했는데아내가 지나가다가 살로몬도 보라고 해서한번 신어봤다.살로몬 XT-6 GTX와 킨 재스퍼 락스직접 신어보고 구매한 후기 시작.1. 살로몬 XT-6#살로몬xt6gtx검은색 신발은 선호하지 않는 편인데그 점을 제외해서 판단하려고 했다.일단 기본적으로#살로몬XT-6 GTX는#고어텍스제품이라 완전 방수가 가능했다.직원분도 그 점과 아치를 잡아주는 점 때문에장기적으로는 발 건강에 좋다고 강조했다.살로몬 XT-6 GTXXT-6 GTX와#XT6OG가리지 않고 모두 한 번씩 다 신어보았다.일단 확실히 발 바닥에 부담이 적었고신발이 크기나 기능에 비해 가벼웠다.#트래킹화라 바닥 접지도 좋았다.#살로몬착샷개인적으로도, 판매량에서도 가장 선호도가 높은XT-6 GTX#블랙실버.통이 넓은 검은색 바지에 XT-6 GTX 코디가잘 어울린다면다른 옷에서도 잘 어울릴 가능성이 높다.#살로몬화이트실버XT-6 GTX#화이트실버도신어봄.#xt6이때 머리에 딱 든 생각은아, 이 색은 너무 무난해서 굳이 살로몬으로살 필요가 없는 디자인이다.너어어어어무 무난해서 나름 30만 원 가까운가격임에도 그다지 끌리지 않았다.블랙 실버가 잘 팔리는 이유가 역시..!#XA프로3DGTX#XA프로3DGTX이건 진흙 색에 가까운데 지금 복장에는어울리지 않았다.아, 왜 저 바지 기준이냐면 출장 때가장 많이 입는 바지라서!#살로몬발볼살짝 뭐가 맘에 안 드는 눈초리.그건 바로 발 볼이었다.볼이 넓은#평발이라#아치깔창도사용중인데살로몬 XT-6가 아치에 도움을 준다 해도좌우가 껴서 불편함을 느낀다면일단 구매했어도 손이 자주 안 갈 확률이 높다.그럼에도 불구하고.. 신발 자체는 좋긴 해서4일 후에 재방문.못 신어봤던 베이지 컬러도 신어보았다.베이지는 그냥 디피된 걸 볼 때 더 예뻤다🥲2. 킨 재스퍼 락스(ROCKS)#킨재스퍼락스착용샷처음 살로몬을 신어보았던 날에#킨도 갔었는데당시에는 사진을 찍지 못했다.이 사진도 4일 후 재방문해서 마지막 결정직전에 촬영했다.요곤#킨재스퍼락스두 가지 색상.스테디셀러인 베이지에 파란색#사파리블루#24FW신상이었던 밝은 베이지에 초록색#에버그린처음엔 킨 재스퍼 락스 사파리 블루와#25SS신상킨 재스퍼 락스 아이보리킨 재스퍼 락스 아이보리에서 고민했는데살로몬 XT-6 GTX 화이트 실버 처럼너무나 무난해서 중간 고민 단계에서아웃 돼버렸다.결국 결정한 건#킨재스퍼락스킨 재스퍼 락스 구매 사이즈 Tip반업, 볼이 넓다면 10업 가자.구매한 신발은 105 사이즈로한국 킨 재스퍼 락스 사이즈는 285였다.난 평소에 나이키, 뉴발란스, 무지 등등보통의 신발들을 모두 275로 신는다.처음 신어본 날에는 280을 신어봤는데발에 착 감기는 느낌이었다.하지만 킨 재스퍼 사이즈 팁으로나중에 트래킹을 생각하면 양말 두께도고려해야 했다.발목을 꽉 잡아주는 저 초록 부분이 생각보다단단해서 반업을 하면 살짝 아플 수도.우여곡절 끝에.. 5일간의 고민의 종착지는킨 재스퍼 락스 에버그린이었다.베이지색의 여분의 끈이 제공되는데아마 교체할 일은 없을 것 같다.킨 재스퍼 락스 끈 교체 방법은매장에 방문해서 맡기는 것.기존의 끈을 끊어내고 새 끈으로 교체해야한다고 함.기본 끈 이쁜디요..킨 재스퍼 락 에버그린을 데려온 이유 중에꽤 많은 부분을 차지한 건 요 바닥이었다.보라색 포인트가 돌아버렸다거..3. 킨 재스퍼 락스 착화감사실 착화감&코디 라고 하려다가내가 뭔 코디 팁이냐 싶어서 착화감만 끄적인다.킨 재스퍼 락스 착화감 장점과 단점.#킨재스퍼락스착용샷장점​1. 발이 바닥에 착 붙어가는 느낌.2. 가벼움.3. 끈이 너무 편함. (쉬움)4. 발목을 딱 잡아줌.5. 디자인 맛도리​- 킨 재스퍼 락스 착화감은 상당히 좋다.처음 신었을 때 오! 편해! 하는 생각이 들 정도다.앞꿈치로 뛰어도 괜찮고 바닥 접지력도 좋아일상생활이나 트래킹이나 모두 커버가가능하다고 생각한다.그리고 디자인은 볼수록 귀엽다.정장만 아니면 모든 옷에 잘 어울릴 듯.​단점​1. 발목을 너무 잡아줌.2. 생활 방수만 됨.​- 킨 재스퍼 락 착화감에 대해서 조금만찾아보면 아마 발목 이야기는 많을 것이다.사이즈를 반업 했다면.. 오래 신었을 때발목의 통증이 좀 있을 것 같다.딱 신어보고 너무 딱 맞거나 너무 좋다?일단 10업도 해서 시착을 먼저 해보자.#킨재스퍼락스코디일본 GU에서 구매한 바지에 찰떡.초록 포인트가 눈에 잘 띈다.#킨재스퍼락스착화감살짝씩 보이는 보라색 밑창🥹역시 재스퍼 락스 선택하길 잘했다고생각하는 포인트다.4. 킨 재스퍼 락스 할인 정보나는 킨 정식 매장에서 구매를 했다.일단 인터넷에서 저렴하게 판매되는 제품은KEEN 중국 제품이라면 대부분 짭이라고보면 된다고 한다.일단 킨 자체가 할인을 많이 하진 않지만몇 가지는 체크하고 가자.1. LF 멤버십 가입 여부2. 백화점 멤버십 가입 여부킨은 LF 계열이기 때문에 LF에서멤버십 할인 5%가 들어간다.처음 방문했던 AK의 신발층 매장에선LF 할인으로 유도했고, 생각보다 저렴하진 않았다.50m© NAVER Corp.더보기/OpenStreetMap지도 데이터x© NAVER Corp./OpenStreetMap지도 컨트롤러 범례부동산거리읍,면,동시,군,구시,도국가KEEN AK플라자수원점경기도 수원시 팔달구 덕영대로 924 AK플라자수원점 4F구매를 한 건 킨 ak플라자 수원점.이곳에선 AK 멤버십으로 15% 할인이 되었고AK 멤버십에 신규 가입하는 고객의 경우추가 1만 원 할인 쿠폰이 적용된다.킨 공홈 대비 좀 더 저렴하게 구매가 가능하다.​살로몬은 매장에서 할인이 딱히 없다고 했는데살로몬 공홈에서 첫 구매 시 10% 할인이적용된다.​살로몬 XT-6와 킨 재스퍼 락스 모두 각자의 장단점이 있으니, 자신의 발 형태와 용도에 맞는 트레킹화를 선택하길 바란다.​내돈내산 후기 끄읏"
10,"​유행 끝물? 살로몬 XT-6검정색 운동화 여자 사이즈 추천 후기​안녕하세요 패션 인플루언서 콩토루입니다​운동화를 안 산지 조금 오래된 것 같아서..어떤 브랜드를 살까 고민 중이었는데요​딱히 제 마음을 이끄는 브랜드가 없었고..예전부터 사고 싶었던 살로몬이나 살까 싶더군요​그런데 유튜브를 보면 살로몬 XT-6 검정색 운동화는유행 끝물, 이제 사면 안되는 템으로계속 거론되길래 사기 직전까지 망설여지더라고요​​​살로몬 공홈에서 구매 직전까지 갔으나..실물을 한 번이라도 더 보고 결정하기 위해근처 살로몬 매장을 방문했어요​살로몬의 주력이었던 운동화답게컬러별로 XT-6가 진열되어 있었는데요​​​XT-6 고어텍스 버전도 있었는데디자인적인 부분에서는 크게 차이가 없어요​저는 전부 검정색인 운동화가 좋아서기존 버전으로 신어보았습니다!​​​한쪽만 먼저 신어봤는데 사이즈가 참 애매하더라고요​평소 신는 발 사이즈는 235~240인데살로몬 XT-6 여자 사이즈 240은 조금 크게 느껴졌어요​​​신어보니까 확실히 발이 편하긴 해서괜히 직원한테 이거 이제 유행 다 지났죠..?라는시답잖은 질문을 한번 던지고 구매했습니다​강민경 신발로 유명한 X-ALP로 사려다가XT-6 검정색 운동화를 안사면나중에 또 생각날 것 같아서 유행이고 뭐고일단 질러버렸답니다 (한 시간 정도 후회하긴 함..)​​​나이키 V2K런 운동화도 검정색이고..봄이 다가오니까 화이트가 끌리긴 했는데요​제가 가장 자주 신는 운동화 컬러가검정색이라 살로몬도 검정색으로!​​​유행을 무시하고 구매한 이유는요​봄이 되면 낮은 산 정도는 올라가 보고 싶어서트래킹화도 알아봤었던 터라살로몬 XT-6가 저한텐 딱 좋더라고요​​​투박한 모양새를 가지고 있긴 하지만발이 편한 운동화로 유명하고요​발목 뒤쪽은 단단하게 잡아주어서뒤꿈치가 까지진 않을까 싶었는데 괜찮았어요​​​가장 좋았던 점은 XT-6 검정색 운동화를신고 걸으면 미끄러지지 않는다는 점!​그래서 가벼운 산타기 정도는 문제없을 것 같고겨울철 눈길 위에서도 미끄러지지 않아서 좋았어요​운동화가 앞코와 발바닥이 굉장히 단단해서착화감이 별로일 줄 알았는데쿠셔닝까지 만족스러웠던 검정색 운동화입니다!​​​운동화 끈은 퀵레이스 방식이에요​처음엔 이걸 조였다,, 풀었다,, 하는 게 불편했는데지금은 따로 건드리지 않고 그냥 신어요!​신발이 어느 정도 발에 맞게 늘어나니까굳이 건드리지 않아도 쑥 들어가더라고요​​​살로몬 XT-6 후기를 보면 발등이 조인다는 이야기가 많아서사이즈를 어떻게 해야 하나.. 싶었는데요​매장에서 직접 신어보니까 240 사이즈는앞코가 많이 남아서 헐렁하더라고요​​​여자 235 사이즈로 신었을 땐길이는 괜찮은데 볼이 살짝 딱 맞는 느낌!​위에서 말씀드렸던 것처럼 앞코와 밑창이워낙 단단해서 잘 안 늘어날 것 같은 소재거든요?​그런데 살로몬 직원이 금방 편해진다길래..너무 큰 것보다 안정적으로 잡아줄 수 있는운동화 235 사이즈를 선택했습니다​참고로 저는 평소 235~240 사이즈를 신어요​​​이틀차까지는 발등이 살짝 조였는데요​3~4일차가 되니까 여자 235 사이즈로구매하길 너무 잘한 것 같아요!​적당히 늘어나서 불편함도 없고딱 내 신발 같은 느낌이거든요​​가장 걱정했었던 딱딱한 앞코 부분도불편함이 느껴지지 않았답니다​살로몬이 발 편한 운동화로 계속 언급되는이유가 있을 정도로 착화감이 좋았어요​연예인 해외여행 사진을 보면 살로몬 XT-6검정색 운동화를 많이 챙겨가더라고요​​​검정색이라 코디할 때 어디든 잘 어울리고착화감까지 좋으니.. 아주 만족스럽답니다​유행 시작됐을 때 샀었으면더 열심히 신고 다녔을 텐데!지금 사서 조금 아쉽긴 해요 😆​그래도 깔끔하고 베이직한 여자 신발 중에서는아직까지 살로몬 XT-6 현역으로 괜찮다 싶어요​​​저처럼 살로몬 XT-6 검정색 여자 운동화가유행이 지난 것 같아서 망설여진다면도전해 보시는 걸 추천드릴게요!​다른 컬러는 모르겠지만 검정색은그냥 기본 아이템으로 활용도가 좋거든요​​​XT-6 여자 사이즈는.. 발볼이 넓다면한 사이즈 업을 추천드리고요보통의 발이라면 정 사이즈로 추천!​남자, 여자 사이즈 선택지가 넓어서커플 운동화로도 제격이에요 😁​유행에 민감하지 않고! 베이직한 신발을 찾는다면살로몬 XT-6 여자 운동화 추천이랍니다​살로몬 XT-6 검정색 운동화사이즈 추천 후기가 도움 되셨다면팬하기&이웃추가 부탁드립니다​"
11,"​호카 오네오네 본디9 여성 와이드 vs 레귤러 비교, 사이즈 팁편안한 착화감으로 유명한 호카오네오네의 본디시리즈! 본디8사이즈의 밑창이 너무 못생겨서 고민하다가 본...blog.naver.com안녕하세요!지난번에호카 본디9 두켤레를 구매하면서혹시나~ 제품의 디테일과 저의 사이즈팁, 실착후기 등공유했더니,생각보다 많은 분들이댓글달아주시고, 쪽지보내주시고도움을 받으셨더라구요.​그래서 쓰는 나의 최애템  !평소에도 신고~ 등산할 때도 신는~살로몬 XT-6 후기+_+사진 순서대로  :  gtx 에보니, 실버, 블랙​호카에 이어 운동화 사이즈/착샷 비교 후기글 2번째!살로몬 XT-6 시리즈의GTX 실버,고어텍스 블랙 에보니,adv 블랙팬텀세가지 모델을 비교해보겠습니다!!​원래블랙팬텀과블랙에보니를 갖고있었구요이번에GTX 실버를 하나 더 영입했습니다.​​​​​GTX 실버언박싱노잼 언박싱은 빠르게~ 고고씽영롱 그 자체..검정색 옷에 포인트 주기 좋은실버.​작년에 발매되었을 때부터 갖고싶었는데고양스타필드 직원분이 신고계셔서 눈에 뿅~만듬새 좋은 살로몬의 고어텍스GTX 실버..흔한 본드자국 조차 없다.(나이키 보고있나ㅋ?)​살로몬 정말 좋아하는 사람으로써살로몬은 돈 값어치를 제대로 하는것같아요.매니아가 될 수밖에없는 비주얼과 만듬새, 퀄리티.​xt-6의 바닥은 콘타그립 아웃솔로 접지력이 좋습니다.(adv와 gtx 모두 아웃솔은 콘타그립.)​다만, 많은 후기중에뭐 물묻으면 미끄럽다 어쩐다 하는데​원래 뭐든 물묻으면 미끄럽습니다비브람도 비오면 미끄러운데요 뭘,,,ㅎ​접지력 합격.특히 바위에서 쫀득쫀득잘 붙음!!​매우 딴딴한 외형~에보니도 그렇고,실버도 그렇고고어텍스 GTX 제품은블랙제품에 비해굉장히 단단해요.!!번쩍번쩍 스티치가 적용된실버모델..너무예쁘지 않나요?사실 스티치말고도 낮에도 이렇게 빛나요너무영롱 그자체.​​​​​GTX 실버,고어텍스 블랙 에보니,블랙팬텀비교다똑같이생겨서 ㅋㅋㅋ이미지에 제품이름 넣기^^실버와에보니는 GTX,고어텍스제품이고블랙팬텀은 ADV일반제품입니다.​그래서 가격차이도 나요!기존에 사용하던 adv 블랙과 비교gtx제품에 비해서는adv 제품이 좀 더 흐물흐물해서착용감이 편합니다.adv도 앞코가 굉장히 탄탄해서 3년을 신는동안 기스가 이정도..매우 튼튼하게 잘 만든 Xt6...블랙과 실버adv블랙은 살로몬 로고까지 검정색으로~실버는 번쩍번쩍 은색으로~에보니고어텍스가 적용된에보니모델도 영롱하지만~저에게 원픽은실버가 너무이쁘네요ㅠ​에보니는 검정바지보단회색바지~ 또는어느 등산바지에나 어울려서 예뻐요^^​​​​GTX 실버착용샷실버는 검정 옷에 포인트 줘도 될것같고나일론재질의 번쩍거리는 검정바지와 함께또는 챠콜과 함께 매칭해도 예뻐요^^여길찍어도 저길찍어도""나 살로몬.""외치고있는 XT-6​​​​ADV팬텀블랙착용샷사실 셋 중 가장 많이 신은건블랙인데너무~ 무난하다보니, 따로 사진찍어둔게없네요.주로 바이크탈 때 많이 신었고무난템으로 추천​​​​GTX고어텍스 에보니착용샷주로 저는 고요바지/고요바람막이랑많이 매치하는데요오빠는 산산기어랑 매치하더라구여고프코어 조아하시는 분들껜 그저 빛,,살로몬.에보니때 타지않고, 넘 효자템...때타면 물티슈로 슥슥닦으면 깨끗반짝^^​​​​​XT-6 사이즈 꿀팁끈으로 조이지않고스트링으로 조이기 때문에~매우 편하게 조절이 가능하지만​발등이 높거나 발볼러들은0.5업 하는걸추천합니다:-)​저는 발등높고 발볼러240인데245로  업해서잘 신고다녀요.​나이키 에어포스 240반스 올드스쿨 플랫폼 240호카 본디9 245미즈노 mxr웨이브라이더 245​​GTX 고어텍스,등산(트래킹)할 때 사용해도 괜찮을까?살로몬 XT-6 등산할 때 사용후기벚꽃보러 다녀온 마이산~저는 발목이 있는 등산화는종주처럼 난이도가 있는 산행에서 신고마이산이나 칠보산, 만월산 등등트래킹..과 같은 쉬운 산들은에보니와 함께 하고 있습니다:)시원한 바람 맞으러 떠난 칠보산~흙먼지는 물티슈로 슥슥 닦으면다시 또 일상에서 신을 수 있다는~!고어텍스 제품군은 쉽게 관리가 가능하지만adv일반버전 xt6들은일상생활로만 사용하는것을 추천합니다~​​​​​​마무리.평소에서 잘 신고있고, 등산할 때에도 신을 수 있는만능템 XT6의 세가지 모델을 비교해보았습니다.​타운용/등산용에 따라 다를것같은데~타운용으로 찾으시는 분들은본인 눈에 예쁜것을 고르시고​등산용으로 찾으시는 분들은고어텍스 모델을 추천합니다'ㅡ'​세가지 모델 모두 내돈내산입니다 ♥​"
12,"최근 사고팔고 사고팔고 그렇게 몇 번을 새 신발 영입에 실패하면서 아, 정말 뭔가 정착할 신발이 없을까... 딱 하나만 더 있으면 당분간 신발을 살 생각이 없어질 거 같은데 하면서 고민하다가 떠오른 게 1년 넘게 드문드문 고민하던 살로몬이었다.​​일단 무조건 편해야 된다는 전제조건 아래 나이키는 맘에 드는 모델이 없고, 뉴발란스는 이제 그만 사고 싶고(최근 1년사고팔고를 너무 반복함), 오니츠카도 맘에 드는 모델 없고, 아디다스 역시 구입 안 한 지 오래고(최근에 독일군이란 변수가 있었지만)​​XT-6 - 퓨터:블랙:오로라 레드 / L47293200아무튼 살로몬이 아직 경험하지 못한 녀석이라는 점에서도 강하게 끌렸고 검색을 시작했다.. XT-6 모델이 워낙 컬러 조합이 많지만 일단은 블랙 컬러는 제외 그리고 최근 주로 입는 바지들에 가장 잘 붙을 컬러 조합을 찾고 싶었다.​일단 신발의 컬러 조합만 놓고 봤을 때 솔직히 가장 먼저 끌리는 건 이 녀석이었다.​무신사에 아마 재고가 있었다면 그냥 이 녀석을 구입해버렸을지도 모르겠지만 결과적으로는 다행이 아니었을까 하는 생각이 들기도 한다.​이런저런 착용샷을 찾아보니 컬러감이 스포티한 의상이나 고프코어룩.. 아니면 정말 기능에 충실하게 등산 룩에 어울리는 컬러 조합이 아닐까 하는 생각이 들었다.​​XT-6 - 콰이엇 쉐이드:딥그린:바닐라 / L47627800그리고 두 번째로 잠시 혹했던 컬러는 이 컬러​무신사 단독이라는 이 컬러의 조합도 봄에 맞게 좋긴 하지만 생각 외로 그레이 컬러 신발이 다양한 옷에 잘 안 붙는 느낌도 있어서 배제했다. (단 뉴발란스는 열외, 그레이 계열 신발은 뉴발란스가 최고인 거 같다...)​XT-6 마인드풀 2팔콘:아몬드 밀크:브라이트 그린 / L47312000그러다가 마지막으로 보게 된 이 컬러를 보고 떠오른 신발이 있었으니.. 바로 얼마 전에 처분한 로스트가든 서브카테고리이다.​​사실 서브카테고리 이 신발은 개인적으로는 무거워서 처분했지만 정말 안 어울리는 팬츠 없이 모든 팬츠가 다 잘 어울려서 베이지 톤의 신발이 이렇게 아무 룩에 나 잘 붙는구나 하는 생각을 했던 신발인데 마침 이 컬러가 그런 느낌과 비슷해서 끌렸다.​​무신사 단독이라고 하기도 하고 적립금이나 쿠폰 이것저것 다 끌어모으니 생각했던 가격대라 바로 구입​그래 돌고 돌아 결국 살로몬을 이렇게 가는구나!!​​살로몬 하면 국룰처럼 말하는 요소가 바로 사이즈업이다.​내심 정말 궁금했었는데.. (예전에 여주 아울렛에서 우연히 살로몬을 신어본 적도 있는데 그 사이즈가 뭐였는지 기억도 안 나고... ㅎ)​무신사에도 제공하는 270사이즈 실측, XT-6 안에서도 길이가 왔다 갔다.. 헷갈리쥬?​일반적으로 정 사이즈로 나온 신발의 경우 보통 270사이즈 아웃솔 길이는 29~29.5가 일반적이라는 걸 생각하면 길이가 확실히 긴 편이긴 하다.​​반업에서 일업, 2사이즈 업까지 하는 사람들이 있는데.. 아무리 와이드 한 팬츠를 많이 입어서 어색하지 않을 수 있다고 쳐도... ㅎ​무슨 피노키오 코 마냥 길이를 자꾸 늘려;;​개인적으로는 발등이 높고 평소에도 토박스 공간을 여유 있게 신는 편이라 굳이 거기서 더 업 하기보단 평소대로 275를 선택했고 실제로 받아서 측정해 본 결과 275사이즈 길이는 30.2 인솔 길이는 28.2 이 나왔다.​결과적으로는 정말 다행 개인적으로는 아웃솔 길이가 짧은 것도 싫지만 31cm가 넘어가는 걸 선호하지 않는데 (나에겐 29.5~30.5 이내의 신발을 최적이라고 생각) 선호하는 길이에 부합하다.​​그리고 신었을 때 타이트하다는 느낌이 생각보다 없어서.. 이 신발을 사이즈업을 굳이 할 필요가 있나? 하는 생각을 했다. 사이즈를 더 업했으면 괜히 또 교환한다고 시간과 노력을 버릴뻔했다...​​게다가 배송이 매우 빨랐는데 (일요일에 주문 월요일에 받음) 택배사가 생소한 딜리박스란 회사였다.. 검색해 보니 스타트업 회사 같은데 중앙일보 계열사라고? 아주 의외였다.. ㅎ​​아무튼 다시 돌아와서..​신발 박스를 열자마자 든 생각은 이 컬러 사길 잘했다는 생각이었다.​그야말로 차분하게 내려앉은 팔콘과 아몬드 크림 컬러의 톤 조합에 형광 그린 한 줄이 적당한 포인트가 되어 다양한 옷에 잘 어울릴 거 같다는 생각이 더 확실히 들었다.​​그리고  텅 부분에 박힌 라벨 역시 알록달록 라벨이 아니라 톤에 맞춘 직조 라벨이라 굿​살로몬 레터링 정도는 그린으로 포인트 줘도 되지 않았을까 싶은 느낌도 있지만 아무튼 대만족​아무래도 무게나 쿠셔닝을 러닝화 베이스 신발에는 못 미친다. 그래서 착용감이 정말 최고다!라고 말할 수는 없지만 러닝화 베이스인 신발들을 배제하고 생각하면 충분히 편한 신발임은 틀림없다.​물론 이 신발도 러닝화이지만 트레일 러닝에 최적화된 트레일 러닝화로 그야말로 트랙이 아닌 흙이나 돌 등 자연에서의 각종 장애물이 있는 곳을 달리기 위한 신발이라 좀 더 단단한 착화감과 더 튼튼한 아웃솔을 필요하기 때문이다.​디자인 요소를 감안해서는 최고, 직업병 모드를 발동하여 신발의 봉제선들을 검수했지만 이것도 만족​딱 한 가지 아쉬운 점이 있었는데 바로 인솔, 이건 직접 교체 가능하니 패스, 갖고 있던 오솔라이트 인솔로 변경하였다.​​- 센시핏 + 엔도핏 그리고 퀵레이스- 내구성이 뛰어난 TPU 필름과 메시 소재- 충격 흡수 기능을 선사하는 ACS 기술(그린컬러 아래 있는 베이지색 부분)과 에너지셀 미드솔​​퀵레이스는 늘어트리는 데로 맛이 있어서 대부분 그대로 다니지만 등산이나 아웃도어 활동 때는 걸릴 위험도 있다. 그래서인지 레이스와 홀더를 넣을 수 있도록 텅 가장 윗부분에 공간이 마련되어 있다.​​끈을 안 묶어도 되는 게 이렇게 편했구나.... 언젠가 정말 끌리는 컬러 조합이 나온다면 살로몬 추가 영입을 하게 되지 않을까?​아니면 좀 질릴 때쯤 킥 레이스를 교체하는 것도 방법이겠다.​아무튼 이제 한동안 신발 스트레스는 안 받아도 되겠다.... 유명한 건 역시 이유가 있어......​+추가​시착 할 땐 잘 몰랐는데 하루 신어보니 발등 쪽이 조금 타이트한 감은 있다.​텅 부분인 발바닥으로 이어진 일체형이라 아무래도 그런 느낌이 더한 거 같은데 이건 신다 보면 조금 늘어날 거 같아서 크게 신경 쓰이진 않는다.​접지력은 트레킹답게 좋다.​​오히려 이런 일체형의 장점은 그냥 신었을 때도 적당히 발을 잡아줘서 데일리로 일상에서 착용할 땐 킥 레이스를 딱히 조일 필요 없이 느슨하게 해놓으면 신을 때나 벗을 때 킥 레이스를 조절할 필요가 없어서 편하다."
13,"​국민필터 운동화 세탁망색상 : 모카, 라이트그레이, 민트, 핑크, 화이트, 베이비블루가격 : 1개 14,500원 / 2개 27,900원https://gukminft.com/국민필터올바르게 만들어야 올바르게 작동합니다gukminft.com​​23년에 구매해서 한번도 세탁하지 않은...ㅋㅋ살로몬 XT-6 화이트를 세탁하려고해요!​다른 흰 운동화와 비교했을때 너무 금방 더러워지고때 타는게 비교가 안될 정도로 많이 더러워져요.살로몬 흰색 있으신 분들은 아마 다들 공감하실것 같아요.​​​​살로몬이 잘 찢어지고 내구성이 별로라는 이야기를 들어서솔로 문지르면 안될 것 같은데 어떻게 세탁해야하나 고민도 되고세탁소에 맡기기도 무섭더라구요...?​인터넷 찾아보면 다들 살로몬 어떻게 세탁하냐 질문글 엄청 많고전문 업체 맡겨서 세탁하던데 비용이 장난 아닐 것 같아요ㅠㅠ​그렇게 미루고 미루다가 신고나가기 부끄러운신발이 되어버린 살로몬 XT-6​​​​저의 고민을 해결해줄 국민필터 신발세탁망을 만났슴다ㅎㅎ일단 마감이 꼼꼼하고  어두운 색상이라서 신발 넣고 세탁해도 때가 안탈 것 같아요.​​​​100% 수작업으로 만들어지는 세탁망이라고 해요.세탁망 원단도 유해물질 안전 테스트 통과했고내구성이 강한 섬유라서 여러번 사용해도 변형이나 손상이 적다고 하네요!​​​​사이즈가 굉장히 넉넉해서 성인 신발 두개도 충분히 들어가고 남을 크기이지만세탁이 제대로 되려면한개에 한켤레씩넣어야해요.​세탁방법! 운동화 끈을 풀고, 세제가 들어간 미온수에 30분 정도 불려주기!​저는 끈을 풀 수가 없는 디자인이라서 이건 생략했고세제 푼 미온수에 불려주는게 더 세탁이 잘 될 것 같긴한데고가의 고어텍스 신발이라 고민하다가 세제에 불려주는 대신다이소에서 파는 얼룩제거 세제 바른 후 세탁망에 넣었어요.​사용 후 결론부터 말씀드리면 세제 푼 미온수에 불려주는 방법으로 해도 될 것 같아요!국민필터에서 깨끗한 세탁을 위해서 꼭 지켜달라고 하는 부분이기도 해서저도 다음에는 안내된 방법대로 하려구요ㅎㅎ​​​​신발을 넣고 끝까지 자크를 잠그고세탁기에 과탄산소다 또는 다른표백제나 세제를넣고 돌리면 끝! 진짜 너무 간단해요ㅋㅋ​​​​신발 망가질까봐 걱정했는데오염된 부분만 깨끗하게 세탁되었어요👏🏻​솔질 하나 없이 망에만 넣었을뿐인데세탁된거 보니 너무 신기ㅋㅋㅋㅋㅋ​​​​거의 갈색이 되었던 신발인데 전후 차이 확실하죠?신발 더러워져도 국민필터 신발 세탁망이 있으니걱정 없이 막 신어야겠어요👍🏻​​​영상으로 신발 세탁 후 확인해주세요😆​신발 망가질까봐 세탁하기 망설이셨던 분들도국민필터 운동화세탁망 너무 추천드려요!!​​​"
14,"어제에 이어 오늘(11월28일)도 새벽까지 많은눈이 쏟아졌다.블로그 통계에 검색어 유입으로 보니 폭설장화, 고어텍스 신발등으로 검색하여 나이키 acg 마운틴 플라이 하이를 검색하신 분들이 많았다. 나만 고민이었겠는가, 눈이 20cm가 넘게 내리고 심지어 오늘 낮에는 영상4도까지 기온이 올라가면서 눈이 녹아 온통 질퍽질퍽한 상태가 되었으니 말이다.​그래서 오늘은 내가 겨울철에 항시 애용하는 다른 고어텍스 신발을 소개할까한다.이미 살로몬은 과거의 스키브랜드에서 이제는 등산 및 레저용 토털 브랜드로 확실히 발돋움한거 같다. 요즘은 살로몬 컨투어 패딩도 많이들 입지만, 최고의 인기는 바로 신발인거 같다. 희안하게 나는 더 대중적인 호카보다도 살로몬을 선호해서 신발이 4켤레나 된다. 일반 XT-6, XT-6 GTX, XT-4, ACS 프로까지 총 4종류를 신는데, 나와 발이 잘 맞아 그런거 같다.​우선 사진으로 보면​안전화(?)느낌이 살짝 드는 디자인이다. 보기만해도 튼튼해 보인다. 실제로도 신어보면 바닥은 단단한 듯하면서 편하게 잘 잡아주고(푹신한 쿠션과는 다름), 신발 자체가 발에 감긴다는 느낌이든다. 그리고 살로몬의 시그니처인 퀵레이스가 장착되어 있어 끈을 묶을 필요가 없다.  밑창은 세브론사의 콘타그립을 쓰는데, 단점이 비왔을 때 미끄럽다. 맨홀이나 대리석등은 조심해야 한다. 태생이 트레킹화 이기에 용도에 맞게 나왔겠지만, 우리는 도심속에서 평상화로 신기때문에 조심 또 조심해야 한다.그리고 당연히 고어텍스로 이루어져있는데 퀵레이스가 있는 중앙은 아니다. 비를 많이 맞으면 좀 새들어온다. 하지만 우리가 장화를 신은건 아니기 때문에 문제라 생각되지는 않는다. 생활방수는 충분히 커버 가능하다.​사이즈는 무조건 XT-6 계열은 1업을 해야한다. 발볼이 많이 좁다. 1업을 하면 딱 좋다. XT-4나 ACS 프로는 반업만 해도 되는데 XT-6는 나름 날렵한 디자인에 볼이 좁게 나왔고 더군다나 XT-6 GTX는 고어텍스라 신축성도 없어서 무조건 1업을 추천한다.​당연히 고프코어룩에 적합한 스타일과 높이여서 안성맞춤이고, 와이드 팬츠, 반바지와도 잘 어울린다. 워낙 대표적인 베스트셀러라 살로몬을 신는 분들은 거의 XT-6가 많으니 매칭에 실패할 일은 없다고 보면된다.​겨울에 한기도 좀 막아주면서 비나 눈등 수분에서 자유로울 수 있는 일상화, 그리고 뭐가 묻어도 가볍게 물티슈나 수건으로 쓱 닦아주면 되는 필수 신발이라 생각한다."
15,"​#살로몬​이제는 유행이 지났다고 하는 분들.이제는 클래식이 되었다고 하는 분들.​제 주변에 살로몬에 대한 반응은, 크게 두 부류로 나뉘는 것 같습니다.​원래도 등산화로써 패션아이템이 아닌 그 '본질' 자체로만 신으셨던 분들은 이런 여론조차 신경쓰지 않으실테죠 :)​저에게 동일한 질문을 여쭈어보신다면?다른건 몰라도#xt_6만큼은#클래식으로 봐도 되지 않을까..라고 말씀드릴 수는 있을 것 같습니다.정작, 제가 이 xt-6를 즐겨신지도 않았지만요.​하지만, 패션에 관심있는 사람으로써 지켜보는 입장에서는 그렇다는 의견을 피력하고 싶습니다.​앞서 말씀드렸듯 저는 이 해당 브랜드의 대표 모델조차 즐겨신지 못했던, 살로몬을 잘 안다고는 할 수 없는#패션블로거인데요..ㅎㅎ​이.상.하.게요즘들어 이#xt6가, 아니 트레이너류의 신발이 너무 신고 싶었습니다.​기본적인 컬러베리에이션보다는 화사한 파스텔톤이면 좋겠다 라는 생각을 했었거든요.​​바로 이 코디네이트.​요즘들어 제가 자주입는 코디네이트 공식 중 하나 입니다.​풍성하고 짜임이 두터운 벌키한 니트 + 이지팬츠 + 드레시한 코트​이 조합에서#스니커즈류보다 살로몬이나 아식스 같은 트레이너류의 스니커즈가 필요했습니다.​일반적인 스니커즈와 트레이너의 차이점은 굳이 나눌 수가 있기 때문에, 굳-이 나누는 기준으로 말씀드리네요.​제가 생각한 이 조합에서 스니커즈를 신어버리면 평범한 코디네이트로 전락하기 쉽지만..트레이너를 신으면, 신발 하나로 믹스매치의 분위기가 한껏 올라가 재미있는 코디네이트가 될거라고 생각했습니다.​​파페치 살로몬 XT-6, 나이키 스니커즈 - Brand NO.284 -저는 의류의 경우 직접 입어보고 구매하는 것을 선호하는 편이지만, #스니커즈 만큼은 인터넷으로 종종 구...blog.naver.com뭐..어디까지나 지극히 주관적인 관점으로 말씀드리는거구요.​보는 분들에 따라 느낌은 다를 수 있다는 것을 명시해두고 제품 소개를 시작해봅니다.​일단 이야기를 시작하기전에..저는 위 링크와 같이,#살로몬xt6를 경험해본적이 있었어요.​당시에는, 이#살로몬신발이 한창 유행이기도했고 '이게 당췌 뭔데' 싶은 마음 + 파페치의 서포트로 구매를 했었는데..​이런 상태로 구매를 했다보니, 단순 등산용 말고는 신을 일이 별로 없었고 그마저도 기회가 별로 없어서 중고판매로 넘겨버렸습니다.​그 뒤로 이런 트레이너류의 운동화는 신을일이 없을거라 생각했는데..​​#살로몬X폴더별주 제품인#에게안블루모델을 보고 별안간 마음이 바뀌었어요.​사실, 위에 언급해드렸던 코디네이트를 원래도 즐겨입었지만..뭔가 콕 집을 수 없는데(?!) 어딘가 아쉽다는 마음이 컸습니다.​그리고, 이 신발을 보게된 순간..'아 이 코디네이트는#살로몬스니커즈가 화룡점정이 될 것 같다.‘라는 생각이 번쩍 들더군요.​고민할 필요가 없었습니다.​사이즈도 이미 알고 있고, 살로몬이 편안하다는 것은 시착만 한 상태였어도 알만했거든요.​특히, '에게안블루'라는 명칭을 가진 이 모델의 컬러감이 정말 멋져보였습니다.​​스카이블루와 브라운,베이지의 조합이라..AZZURRO E MARRONE가 생각나더군요.​무엇보다, 약간 톤이 낮은 그레이빛의 스카이블루 컬러가 참 매력적이었습니다.​어떤 분들은 부담스럽게 느끼실 수도 있을텐데..저한테는 포인트를 주기에 딱 좋은 신발이었어요.​게다가 브라운과 블루, 두 대비되는 컬러가 한 신발안에서 조화롭게 들어가다보니 어떤 바지를 입어도 잘 어우러지면서 자기 역할을 톡톡히 해낼 것 같았습니다.​​기존 블랙 컬러의 xt-6에서는, 그동안 눈치채지 못했던 소재들간의 믹스 매치들도 재미있게 보였구요.​​안정적이고 구조적인 모양새의 힐컵과 그외의 모습들도 꽤나 훌륭해 보였습니다.​​요 최근에 이 코디네이트로 정말 자주 쏘다녔네요.​바라클라바의 경우, 저렇게 써서 연출한 적은 별로없지만..ㅎㅎ​무엇보다 발이 너무 편해서 활동 반경이 넓은데, 적당히 꾸미고 나가야할 때 해당 코디네이트를 선호했던 것 같습니다.​​신발을 안정적으로 덮는 기장의 바지와 매칭했을때 느낌.​이 에게안블루의 살로몬xt-6가 소화하기 쉬운 제품이다..라는 현혹될만한 말은 하지 않겠습니다.​무채색 혹은 무채색에 포인트 컬러정도로만 디자인된 모델들에 비하면 당연지사 어려워보일 수 밖에 없죠.​하지만, 어려운만큼 소화해내면 참 멋드러집니다.​패션이라는것이 그런 것 아닐까요?쉬운 패션은 무감각하고 재미없습니다.​게다가 이처럼 밑단너비가 여유로운 바지와 매칭했을때는 큰 부담없이 신기가 좋으실거에요.​​조거팬츠와 매칭하였을때의 모습입니다.​위와 다르게 신발 자체의 보이는 면적이 넓어지는만큼, 어떤 컬러의 하의와 매칭하느냐가 관건!​저는 동일한 블루 컬러 카테고리의 네이비를 매칭했어요.​​신발 모습이 조금 더 자세히 보이실겁니다ㅎ​살로몬의 경우 반업/1업 을 이야기하시는 분들이 많은데요.발볼/발등에 따라 이 역시도 차이가 나는데, 저는 1업을 고수하는 편입니다.칼발이라도 이 살로몬 xt6는 1업이 가장 이뻐보이더라구요.​물론, 이 부분도 지극히 개인적인 생각입니다 :)​​저 끈을 쭈욱 당겨, 끝까지 늘어뜨리는게 소위 말하는 '간지'인데말이죠..ㅎㅎ​​신발안에 난색/한색/무채색 모든 컬러가 포함되어 있기에 양말과의 매칭도 재미있게 할 수 있습니다.​이를테면, 저는 화이트 삭스와 매칭했는데요.블루 컬러도 좋을테고 짙은 브라운 컬러의 삭스도 좋을 것 입니다.​​여러므로 마음에 드는 신발이에요.제가 이런 류의 신발을 더더욱이 즐겨 신지 않아서인지도 모르겠습니다ㅎ..​좋아하던게 좋아지는 것보다야, 좋아하지 않던게 좋아지는 것만큼 드라마틱한 감정이 없으니까요 :)​제가 알기로는 이 제품이 현재 세일도 하고 있고, 사이즈도 남아있었습니다.( 심지어 세일까지..ㅠ )​사이즈 단위가 10단위(1사이즈)로 나와서 그 점이 다소 아쉽지만..꽤 괜찮은 신발이에요.​어떠한 브랜드이건, 그 브랜드의 대표적인 그러니까 '클래식' DNA를 가지고 있는 모델은 시대에 구애받지 않는다고 생각합니다.​게다가..이렇게 애정 어린 시선이 아니더라도, 충분히 매력적인 살로몬X폴더의 별주 XT-6는 여러분의 신발장에서 늘 탁월한 선택이 될 것 같아요 :)​모쪼록 살로몬 스니커즈가 없었던 분들에게, 마땅한 트레이너가 없었던 분들에게 이 신발을 추천드려봅니다.​​​​살로몬 X 폴더 xt-6 스니커즈 에게안블루 N.368​"
16,"​[살로몬 운동화]살로몬 XT-6 블랙 팬텀(SALOMON XT-6)​​​안녕하세요이제는 스테디 아이템으로하나씩은 소장하고 계실 살로몬 운동화​​살로몬의 경우 풋웨어, 의류 사업까지 확장하면서운동화도 많은 종류의 디자인이 나오고 있는데요​특히, XT시리즈에서살로몬을 국내에 알릴 수 있었던 모델인‘SALOMON XT-6’​​한때, 사이즈를 구하기 힘들어서크림사이트나 구매대행을 통해정가보다 웃돈을 주고 살만큼 대란이 있었지만,​이제는 공식홈페이지에서도 손쉽게 구할 수 있기에더욱 대중적으로 다가온 스테디템이 되었습니다​​일전에XT-4 OG제품을먼저 소개해드린 적이 있는데요​[살로몬 운동화]살로몬 XT-4 OG 화이트(SALOMON XT4 OG)[살로몬 XT-4 OG 화이트(SALOMON XT4 OG)] 오늘 소개드릴 신발은 몇년전부터 자주 보이기 ...blog.naver.com​XT시리즈에서 4와 6은 가장 인기가 많은만큼닮은 듯 다른 두 모델인데요​살로몬 운동화의 편안함을 느끼고블랙 색상으로 하나 더 구입을 하고 싶었기에이번에는XT-6 모델로 선택!​앞쪽에 LAB만 적혀있으면 XT6SALOMON LAB이라고 적혀있으면 XT4로 구분하시면 됩니다​​그럼 바로 상세샷을 보실까요​.​.​.​.​​​​[상세샷]​​나이키 박스와 비슷한친환경의 살로몬 운동화 박스~​​국내 살로몬 공식 온라인몰에서 구매를 했는데요,​(주)아머스포츠코리아 는 국내에살로몬 브랜드를 공식적으로 유통하고 있는 회사이니공식몰에서 안심하고 구매를 하실 수 있습니다~!​​살로몬 운동화 사이즈의 경우정사이즈에서 반업하는게거의 룰처럼 되어있는데요~​XT-4 의 경우에도반업을 하니 적당했었던 것을 토대로​살로몬 XT-6 사이즈 역시265사이즈로 선택 !(평소 260 사이즈에 발볼이 살짝 넓은편인데,편하게 잘 맞았습니다)​​XT-6 모델이 XT-4보다는확실히 좀 더 슬림하게 빠졌습니다​살로몬을 나타내는 빨파노 색상이블랙색상의 단조로움을 없애주네요:)​​확실히 트레킹화 느낌이 강한XT-6그래도 투박하지않아 일상복에도충분히 신을 수 있는 디자인입니다​​가볍고 내구성이 뛰어난 구조인메쉬소재로 되어있다보니비오는날이나 눈오는 날 신어야한다면고어텍스 버전도 있으니~참고해주세요​​일반 신발끈이 아닌퀵레이스 시스템으로 되어있어손쉽게 신발을 신고 벗을 수 있게 되어있습니다​​살로몬 운동화는오솔라이트 깔창을 사용하고 있는데요최고의 쿠셔닝을 위한 목적을잘 반영하고 있다는게 느껴지네요​​내구성을 위한 TPU필름의 구조로SALOMON 브랜드 네이밍이뒷쪽에 프린팅되어있습니다​​살로몬 XT-6의 굽은3cm정도 되는 것 같습니다​큰 키높이 효과가 있지는 않지만,낮은 굽은 아니기에 참고바라겠습니다(XT-4 모델의 굽이 더 높다고 하는데,큰차이는 없는것 같아요)​​EVA 쿠셔닝이 발을 보호하고부드러운 착지감을 선사하며,​장거리에 적합한 안정감을제공하기 위한 밑창의 구조로,미끄럽지 않도록 잘 디자인되어있습니다​​확실히 XT-6 모델이 슬림하게 빠져서디자인적인 면과 일상복에는 잘 매칭이 되는 것 같네요​꽉 잡아주는 느낌이 있기에정사이즈보다는 반사이즈 또는 한사이즈업해서신으시는걸 추천드립니다​​살로몬 XT-6은 정가 26만원에 판매중이며,(살로몬 공식홈페이지에서 첫 구매혜택을 받으면 좀 더 저렴하게 겟 가능합니다)​살로몬 운동화를 고민하고 계신분들께도움이 되셨길 바라며,스테디 아이템으로 자리잡은 만큼구매하셔도 후회는 없을 꺼라고 생각이 드네요:)​​그럼좋은 하루되세요~​​"
17,"드디어 기다리던 금요일 저녁이 되었어요~이번에는 영국 편집숍 엔드클로딩 직구 소식 가지고 왔는데요! 살로몬 xt-6, 스킴스  브라 등 블프 세일 들어간 아이템 및 추가 할인코드 함께 정리해 보았으니 집중해서 봐 주세요 :D​​​​📣. 알아둘 사항들 for 초보자​∨. 한국까지 직배송됩니다.​∨. 주소는 영어로 변환하여 입력해주세요(우편번호는 5자리 기재하면 됩니다.)​∨. 면세 범위 $150까지(초과 시 관세 및 부가세 발생합니다.)​∨. 20만 이상 주문 시 무배(그 아래는 고정 쉽비 1.9만 붙어요)​↓ ↓​▶ END CLOTHING 공홈 페이지로​​​​▶ 블프 세일 남성/여성 컬렉션 바로가기​↑ ↑​블랙프라이데이 시즌오프 한창 진행중이니 위로 들어가 해당 아이템 확인해 보세요. 장바구니에 물건 담으면자동으로 30% 할인이 됩니다​* 한정 기한* 남녀 카테고리 구분되어 있음​​​​▶ EXTRA SALE COLLECTION 입장하기​↑ ↑​위의 세일템들은 엔드클로딩 할인코드 EXTRA10 추가적으로 활용할 수 있으니 놓치지 마시고요! CODE는 체크아웃 단계에서 적용 가능합니다 😊​​​​▶ SALOMON XT-6 EXPANSE SEASONAL @ END.​↑ ↑​15.8 → 14.22만​첫 번째로 골라본 제품은 살로몬 xt-6 익스펜스 시즈널 라인입니다~ 스포티한 디자인으로 야외 활동 시 착용하면 멋스럽고 우수한 기능성까지 갖추었어요. 고프코어룩을 더욱 돋보이게 만들어 줄 운동화 찾고 있었다면 고고!​​​​원하는 사이즈 카트에 담은 후 EXTRA10 할인코드 입력하면 1.58만 세이브 되는 것 확인할 수 있습니다​​24.99 > 17.493만​▶ WHITE & LUNAR ROCK VER.​↑ ↑​깔끔한 컬러 조합의 화이트, 루나락 버전은30% OFF.​​21.96 > 15.372만​▶ SALOMON SPEEDCROSS 3 GTX​↑ ↑​이건 스피드 크로스 3인데요. 퀵레이스가 발을 안정적으로 잡아주며 러그 패턴이 어떤 움직임에도 뛰어난 그립력을 제공해요~ 블랙프라이데이 세일 들어가 6.58만 디스카운트도 받을 수 있으니 찜해둔 살로몬 신발이라면 솔닷 되기 전에 겟 하세요​​​​▶ SKIMS COLLECTION FOR WOMEN @END​↑ ↑​다음은 킴카다시안이 2019년 설립해 유명해진 언더웨어 브랜드 스킴스입니다. 엔드클로딩에서 편안하고 실용적인 스타일의 브라, 레깅스 등 다양하게 선보이고 있으니 구경해 보세요​​5.3 > 3.71만​▶ FITS EVERYBODY CROSSOVER BRALETTE IN BLACK​↑ ↑​30% OFF​핏츠 에브리바디 크로스오버 브라렛 블랙이고요. 부드러운 폴리아미드로 제작되었으며 약간의 신축성이 있어요~ 사이즈 XXS부터 2XL까지 나옵니다​​​​XS, S를 선택하여 장바구니에 넣었더니 3.18만 빠진 것을 볼 수 있고요. 쉬핑 비용 더해져 최종가는 9.32만 되었습니다​​6.06 > 4.242만​▶ SKIMS SEAMLESS SCULPT BRALETTE IN COCOA​↑ ↑​스쿱넥 라인이 특징인 심리스 브라렛도 예뻐서 가져와봤어요. 차분한 코코아 색상이 볼매이고 강한 지지력을 제공하는 앞면 피케 스티칭이 특징적입니다​​11.36 > 7.952만​▶ COTTON FLEECE PULLOVER HOODIE IN LIGHT HEATHER GREY​↑ ↑​3.408만 SAVE!​이 외에도 평상시 캐주얼하게 입기 좋은 의류 라인 만나볼 수 있습니다.지금까지 END 엔드클로딩 할인코드 및 살로몬 XT-6, 스킴스 브라 등 직구 방법 알아보았는데요! 블프 세일 기간 즐거운 쇼핑하시기 바라며 이만 글 마치겠습니다~ 관련하여 궁금한 것 있다면 비덧 주시고요. Have a good day 😉​* 수익이 발생됩니다"
18,안녕하세요! 오늘은살로몬 운동화 추천 xt-6 바닐라 제품리뷰를 해보려고 하는데요! 워낙 유명한 살로몬 브랜드에서가장 핫한 러닝화인 xt-6 모델을 친구에게 선물받게 되어이번에 한번 내돈내산 후기와 실제 착용샷까지가볍게 포스팅으로 남겨보겠습니다!살로몬 운동화 xt-6  러닝화살로몬 xt-6 운동화의 경우 정말 다양한 컬러가 있는데요취향에 맞게 선택이 가능하지만 그 중에서도 역시나 인기있는모델들이 정해져 있긴 합니다! 현재 살로몬 xt-6 제품의 경우공식홈페이지에서 28만원에 구매가 가능한데요!살로몬 운동화 xt-6 바닐라크림에서는 조금 더 저렴한 가격에 구매가 가능한데요! 사이즈마다약간 상이하지만 대략 15 - 20만원 선에서 구매가 가능합니다!제가 구매한 색상은 무난하면서도 유명한살로몬 바닐라 아이스 아몬드 밀크제품인데요! 이름이 좀 어렵긴한데... 정말 실물을 보면 왜 저런 이름이붙여졌는지 한번에 이해가 가는 컬러였습니다!살로몬 운동화 추천 xt-6 바닐라 아이스배송을 받아보자마자 언박싱을 바로 진행했는데요! 크림박스안에 살로몬 박스는 비닐로 한겹 더 포장이 되어 있었고박스를 열어보니 종이 포장으로 꼼꼼하게 신발이 쌓여있었습니다!일단 크림 정품택 부터 확인~!요즘 살로몬 운동화 제품들도 가품이 정말 많아서믿고 구매가능한 곳에서 구매하시는걸 추천드립니다!살로몬 운동화 추천 xt-6 바닐라 아이스짜잔 일단 신발 색감부터 확인하고 가실게요~! 저는 일단280사이즈제품을 구매했고 제가 말한대로이름에 들어가는 모든 컬러가 느껴지는 색감이죠? 확실히이미지 사진으로 볼 때 보다 이렇게 실물로 보니 색감이 훨씬예쁘더라구요! 일반적인 흰색 운동화보다 더욱 매력적이라고 느꼈어요0초0초광고 후 계속됩니다.다음 동영상subjectauthor취소살로몬 운동화xt-6 바닐라재생10좋아요0좋아요공유하기재생 (space/k)재생00:040:00:00재생 (space/k)재생음소거 (m)음소거00:00/00:04실시간설정전체 화면 (f)해상도자동 480p자막사용 안함재생 속도1.0x (기본)해상도자동 (480p)1080pHD720pHD480p270p144p자막설정사용 안함옵션글자 크기배경색재생 속도0.5x1.0x (기본)1.5x2.0x죄송합니다. 문제가 발생했습니다. 다시 시도해 주세요.도움말음소거 상태입니다.도움말라이센스고화질 재생이 가능한 영상입니다.설정에서 해상도를 변경해보세요.더 알아보기00:00살로몬 운동화xt-6 바닐라살로몬 러닝화 신발 추천전체적인 쉐입과 색감 영상으로 한번 보시죠~!사진보다 실물이 훨씬 이쁘지않나요~? 무난한 색감이라남성 여성 모두 코디하기 쉬울 것 같은 제품입니다!신발 어퍼부분에는 살로몬 로고와 함께시그니처 색감이 딱! 들어가 있어서 포인트로 좋네요살로몬 러닝화 신발 추천전체적으로 옆라인도 아주 잘 빠졌는데요! 날렵해보이면서편할 것 같은 중창이 아주 매력적입니다! 본래 트래킹 목적으로나온 제품이라 중창 부분이 엄청 말랑하지는 않고 오히려딱딱하면서 묵직하다고 할 수 있습니다!살로몬 운동화 추천 xt-6 바닐라살로몬 러닝화의 특징중 하나죠! 바로퀵 레이스라는혁신적인 기술인데요! 신발끈을 풀었다 묶었다 할 필요없이간편하게 버튼하나로 빠르게 묶고 풀 수 있는 기술이에요!진짜 이거에 한번 맛들이면 이제 일반 운동화는 신기 힘들다는..퀵 레이스로 신발을 딱 조여주면 이렇게 끈이 남는데요그냥 멋스럽게 늘여뜨려서 신고 다니셔도 되지만개인적으로 제 스타일은 아니라서 저는 돌돌 말아서혀 안쪽 부분 빈 공간에 이렇게 쏙 넣어줬습니다그럼 한층 더 깔끔한 실루엣으로 착용이 가능합니다살로몬 xt-6 바닐라 후기실제로 한번 착용을 해보겠습니다!​집에서 일단 가볍게 시착을 해봤는데요! 중창 부분이워낙 단단한 느낌이라서 신으면 이게 편할까 생각이 들었는데막상 신어보니 아주 발을 딱 잡아주는게 느낌이 좋더라구요!그렇다고 불편하게 딱딱한 느낌은 아니고 또 묘하게 편한 느낌이들었습니다! 당연히 뉴발란스나 기타 러닝화 처럼 푹신푹신하게편한 느낌은 아니니까 참고하세요!짝꿍과 데이트 할 떄도 바로 신어봤는데요!확실히 색감 자체가 무난해서 어떤 코디에도잘 어울릴 것 같은 느낌이었습니다! 착화감의 경우호불호가 살짝 갈릴 것 같은데요! 저의 경우 생각보다는발도 딱 잡아주고 편해서 좋았습니다!​사이즈 팁이나 궁금하신점은 댓글로 남겨주세요!
19,"살로몬 운동화 추천 신제품 & 인기 XT-6 자세히 알아보자by. 줴 나만의스타일 (본 게시글은 저의 경험과 창작글이 포함된 저작권 콘텐츠이며, 링크 연동은 금지합니다.)안녕하세요 트렌드 아이템을 공유하는 패션 크리에이터 줴입니다.최근에광주 신세계 백화점에 입점되어 있는 살로몬 매장을 다녀왔는데요ㅎㅎ​요즘 살로몬 운동화 한 인기 하잖아요?제 남편도 소장하고 있기도 하고예쁘기도 해서 저도 입문 해볼까 하는 브랜드 중 하나에요​구매하러 간김에살로몬 신제품과 인기모델XT-6에 대해 자세히 알아보는 시간 준비했어요​시아버님 생신 선물로 발편한 운동화 어디가 괜찮을까고민하다가 결정한 살로몬 운동화!​아웃도어 브랜드이지만 디자인이 예쁘고 트렌디해서요즘 MZ들 사이에서 데일리 슈즈로도 떠오르고 있어요 ㅎㅎ​보면 볼수록 더욱 매력적이고특히여러 모델 중 살로몬 XT-6 GTX 시리즈는색감도 다양해서 시선을 사로 잡더라고요​광주 신세계 백화점 내 살로몬 매장​보면 볼수록 더 시선이 갔던 살로몬 운동화디자인과 모델도 다양해서 고민인 분들도 많으시죠?​그래서 인기 모델인 XT-6 GTX와새로 나온 여러 디자인 중에서많이 찾았던 모델까지 자세히 알아보았어요!컬러부터, 가격 모델명까지알아보자구요 ㅎㅎ​​​살로몬에는 운동화 디자인도 다양하고라인업도 카테고리가 섬세하게 나뉘어 있더라고요​트레일이나 로드 러닝 등내 라이프 스타일에 맞는 신발을 고를 수 있다는 점에서도섬세해서 마음에 들더라고요​​​여러 모델 중에서 가장 많이 보았던살로몬 XT-6 GTX블랙 블랙 실버 색상입니다.​제 남편도 이 컬러 소장하고 있거든요 ㅎㅎ​​딱 보면 시선을 사로 잡는 디자인이라서브랜드만의 개성도 훌륭한 편이에요 ㅎㅎ​전 딱 그 브랜드만의 개성이 있어야 한다고 생각하거든요유행만 따라가는건 너무 싫다구 ㅠ.ㅠ..!​​사이즈도 225부터 310까지폭넓은 편이라서발이 작으신 분들부터 큰 발까지도충분히 소화할 수 있어요~​​​제가 봤던 또 다른 디자인은XT-6 GTX 사파리 사파리 블랙 컬러!​색상 너무 예쁘지 않나요?개인적으로 아웃도어 브랜드임에도 불구하고살로몬 운동화는 데님이나 스트릿, 고프코어룩에도너무나 잘 어울려서 ㅠ.ㅠ 참 애정합니다~​​​​멀리서 보자마자 이 두가지 컬러가가장 시선을 사로 잡아서 공유해 보았어요!인기가 많은 XT-6 GTX 에서도새로 나온 컬러이기에 눈여겨 보셔도 좋아용​방수 기능도 우수한 슈즈라서이건..예쁜데 기능성도 미쳤다구 ㅠ.ㅠ!!꺄~XT-6 GTXXT-6 GTXsalomon.co.kr​​새로 나온 색상과 인기 컬러는 무엇인지자세히 참고 할 수 있도록살로몬 XT-6 GTX 컬러 라인업도공유해볼게요 ㅎㅎ​폭 넓은 색상 라인업​​새롭게 출시된 디자인 중에서또 다른 추천템은 바로 제네시스!​컬러감이 시선을 사로 잡았고,발 편한 러닝화라평소 스포츠 즐기는 분들에게 추천​​​보면 살로몬 운동화는트레일 러닝 / 로드 러닝 / 스포츠 스타일 등섬세하게 라인업 되어 있어서소비자 입장에서는 선택의 폭이 넓다는 점에서도 좋더라고요​​​저희처럼 발 편한 운동화 찾는다면직원 추천으로 골라왔던 2가지까지 공유해드릴게요​물론 시아버님 선물 하려고 물어보긴 했지만남편도 직접 착용해보고 하나 더 사야겠다고 하더라고요​발볼 넓은 분들이라면 집중​저희 아버님이 발볼이 넓은 편이라서직원에게 발 편한 운동화 모델 추천을 부탁했더니와이드 핏으로 골라 주셨어요​실제로 남편이 대신해서 착용해보니착화감에 제대로 반한거 있죠?​​XA 프로 3D V9 와이드 모델이고보면 고어텍스랑 나뉘어 있어서내 라이프 스타일에 맞춰 골라도 돼요 ㅎㅎ​​​너무 블랙이라 밝은 컬러 추천도 부탁했더니XT-4 OG 모델이 발볼이 살짝 크게 나왔다고 알려주더라고요​실제로 착용해보니 쿠션감이 좀 더 우수했던건XT-4 OG 이지만 그래도 발이 편했던건XA 프로 3D V9 와이드!​​​고어텍스는 답답한 느낌이 있어서물이 닿을 일이 크게 없으셔서저희는 이 모델로 골라왔어요 ㅎㅎ​​왼쪽 고어텍스 / 오른쪽 일반 모델​​측면 디테일샷까지!선물로 드렸더니 너무 좋아하시더라고요착화감이 편해서 데일리로 잘 신고 다니셨어요​저희처럼 부모님에게 선물 하려면살로몬 운동화 인기 모델인 XT-6 GTX도 좋지만그보다 XA 프로3D V9 추천해요​​지금까지 살로몬 신발 속에서 인기 모델과새로 나온 신제품, 발편한 운동화 시리즈까지다양하게 알아보았는데요 ㅎㅎ전체적으로 기능적인 면에서는훌륭한 브랜드라서 디자인과 내 라이프 스타일에맞는 모델을 골라 즐기시면 되겠습니다 :-)​남성 신발 | 살로몬 공식 온라인스토어남성 > 신발 | 살로몬 공식 온라인스토어salomon.co.kr​"
